idx,column,dtype,n_missing_raw_NaN,pct_missing_raw_NaN,n_NoValue_string,n_effective_missing,pct_effective_missing,n_unique_nonNaN,NULL_semantics,role_inference,sample_or_top_levels
0,patient number,int64,0,0.0,0,0,0.0,645,Identifier — no missing expected,ID,"min=1, max=645, median=323.0"
1,HD/PD,str,0,0.0,0,0,0.0,3,unclear,unknown,HD: 512 (79.4%); PD: 132 (20.5%); HD : 1 (0.2%)
2,m/f,str,1,0.2,0,1,0.2,3,unclear,unknown,m: 446 (69.1%); f: 197 (30.5%); nan: 1 (0.2%); m : 1 (0.2%)
3,AgeAtFirstHFDate,float64,0,0.0,0,0,0.0,435,NaN = not measured (true missing),Continuous (echo or lab),"min=26.0, max=95.4391244870039, median=71.0"
4,DeathDate,datetime64[us],139,21.6,0,139,21.6,494,NaN in DeathDate = censored / alive at last FU; otherwise NaN = data error,Outcome / time origin,"min=2012-02-17 00:00:00, max=2025-08-16 00:00:00"
5,Dialysis_Start_Date,datetime64[us],0,0.0,0,0,0.0,615,NaN in DeathDate = censored / alive at last FU; otherwise NaN = data error,Outcome / time origin,"min=2009-04-13 00:00:00, max=2025-06-12 15:12:00"
6,Echo_Date,datetime64[us],0,0.0,0,0,0.0,644,NaN in DeathDate = censored / alive at last FU; otherwise NaN = data error,Outcome / time origin,"min=2009-02-12 15:30:07, max=2025-06-03 12:53:36"
7,LeftVentricleCavitySize,str,29,4.5,45,74,11.5,6,unclear,unknown,Normal: 363 (56.3%); Mildly dilated: 140 (21.7%); No Value: 45 (7.0%); Moderately dilated: 37 (5.7%); nan: 29 (4.5%); Severely dilated: 27 (4.2%); Small: 4 (0.6%)
8,LeftVentricleWallThickness,str,100,15.5,143,243,37.7,6,unclear,unknown,Mildly increased: 210 (32.6%); No Value: 143 (22.2%); Normal: 142 (22.0%); nan: 100 (15.5%); Moderately increased: 39 (6.0%); See below: 6 (0.9%); Severely increased: 5 (0.8%)
9,LeftVentricleSystolicFunction,str,29,4.5,46,75,11.6,10,unclear,unknown,Normal: 234 (36.3%); Severely reduced: 112 (17.4%); Moderately reduced: 47 (7.3%); No Value: 46 (7.1%); Mildly reduced: 36 (5.6%); Mild-moderately reduced: 36 (5.6%); Moderate-severely reduced: 34 (5.3%); Preserved: 33 (5.1%); nan: 29 (4.5%); Preserved : 25 (3.9%); Increased (hyperdynamic): 13 (2.0%)
10,LeftVentricleSummary,str,450,69.8,0,450,69.8,52,NULL = no narrative entered (descriptive only; high missingness expected),Echo text (descriptive only),nan: 450 (69.8%); Normal left ventricle structure and function.: 53 (8.2%); Hypertrophy of interventricular septum.: 20 (3.1%); Regional LV dysfunction.: 12 (1.9%); Hypertrophy of LV.: 8 (1.2%); Regional LV dysfunction: 8 (1.2%); C/W LV diastolic dysfunction: Pseudo-normal filling pattern .   : 6 (0.9%); C/W LV diastolic dysfunction: Pseudo-normal filling pattern .: 6 (0.9%); Hypertrophy of interventricular septum   : 5 (0.8%); C/W LV diastolic dysfunction: impaired relaxation pattern .: 5 (0.8%); Hypertrophy of interventricular septum: 5 (0.8%); Hypertrophy of basal interventricular septum   : 4 (0.6%); Hypertrophy of LV: 4 (0.6%); C/W LV diastolic dysfunction: Restricitive filling pattern .: 4 (0.6%); Hypertrophy of basal interventricular septum: 4 (0.6%)
11,LV_EF,float64,4,0.6,0,4,0.6,35,NaN = not measured (true missing),Continuous (echo or lab),"min=7.0, max=75.0, median=50.0"
12,RVSize,str,150,23.3,195,345,53.5,5,unclear,unknown,No Value: 195 (30.2%); Normal: 152 (23.6%); nan: 150 (23.3%); Dilated: 90 (14.0%); Mildly dilated: 57 (8.8%); RVH: 1 (0.2%)
13,RVSystolicFunction,str,147,22.8,194,341,52.9,5,unclear,unknown,No Value: 194 (30.1%); nan: 147 (22.8%); Normal: 144 (22.3%); Moderately reduced: 62 (9.6%); Mildly reduced: 57 (8.8%); Severely reduced: 41 (6.4%)
14,LACavitySize,str,14,2.2,29,43,6.7,5,unclear,unknown,Mildly dilated: 324 (50.2%); Moderately dilated: 170 (26.4%); Normal: 68 (10.5%); Severely dilated: 40 (6.2%); No Value: 29 (4.5%); nan: 14 (2.2%)
15,AorticValveStructure,str,88,13.6,106,194,30.1,12,unclear,unknown,Calcified: 297 (46.0%); No Value: 106 (16.4%); nan: 88 (13.6%); Thickened: 33 (5.1%); Thickened : 32 (5.0%); Normal: 31 (4.8%); Bioprosthesis: 24 (3.7%); Focal calcification: 21 (3.3%); Prosthetic: 9 (1.4%); See below: 1 (0.2%); Prosthetic : 1 (0.2%); Bicuspid: 1 (0.2%); Not well seen: 1 (0.2%)
16,AorticValveRegurgitation,str,187,29.0,156,343,53.2,7,unclear,unknown,nan: 187 (29.0%); No Value: 156 (24.2%); Trivial: 141 (21.9%); Mild (I): 128 (19.8%); Mild-to-moderate (I-II): 23 (3.6%); Moderate (II): 6 (0.9%); Moderately-severe (III): 3 (0.5%); Severe (IV): 1 (0.2%)
17,AorticValveSummary,str,507,78.6,0,507,78.6,42,NULL = no narrative entered (descriptive only; high missingness expected),Echo text (descriptive only),nan: 507 (78.6%); Normal aortic valve structure and function.: 24 (3.7%); Moderate aortic stenosis.: 17 (2.6%); Mild aortic stenosis.: 14 (2.2%); Severe aortic stenosis.: 11 (1.7%); Mild aortic stenosis: 5 (0.8%); S/P Percutaneous aortic valve implantation.: 5 (0.8%); Moderate-Severe aortic stenosis   : 4 (0.6%); Normally functioning bioprosthetic valve in aortic position.: 4 (0.6%); Normally functioning prosthetic valve in aortic position.: 4 (0.6%); Mild-moderate aortic stenosis: 4 (0.6%); Moderate-Severe aortic stenosis.: 3 (0.5%); Mild aortic stenosis   : 3 (0.5%); Moderate aortic stenosis: 3 (0.5%); S/P Percutaneous aortic valve implantation. Normally functioning bioprosthetic valve in aortic position.: 3 (0.5%)
18,MitralValveStructure,str,197,30.5,261,458,71.0,10,unclear,unknown,No Value: 261 (40.5%); nan: 197 (30.5%); Thickened / sclerotic: 65 (10.1%); Calcified: 62 (9.6%); Normal: 20 (3.1%); Prosthetic: 14 (2.2%); S/P Repair: 10 (1.6%); Bioprosthetic: 6 (0.9%); See below: 5 (0.8%); Rheumatic: 3 (0.5%); Rheumatic : 2 (0.3%)
19,MitralRegurgitation,str,19,2.9,29,48,7.4,13,unclear,unknown,Mild (I): 220 (34.1%); Trivial: 131 (20.3%); Mild-to-moderate (I-II): 102 (15.8%); Moderate (II): 64 (9.9%); Severe (IV): 32 (5.0%); No Value: 29 (4.5%); Moderately-severe (III): 22 (3.4%); nan: 19 (2.9%); Mild : 9 (1.4%); Trace: 6 (0.9%); Mild to moderate: 4 (0.6%); Moderate: 3 (0.5%); Moderate to severe: 2 (0.3%); Severe: 2 (0.3%)
20,MitralValveSummary,str,443,68.7,0,443,68.7,57,NULL = no narrative entered (descriptive only; high missingness expected),Echo text (descriptive only),nan: 443 (68.7%); mitral annular calcification.: 60 (9.3%); Mild mitral annular calcification.: 31 (4.8%); Mitral annular calcification.: 11 (1.7%); Mild mitral annular calcification.   : 9 (1.4%); Severe mitral annular calcification.: 8 (1.2%); Mild mitral annulus calcification.: 6 (0.9%); mitral annular calcification.   : 5 (0.8%); mitral annulus calcification.: 5 (0.8%); Normally functioning prosthetic artificial valve in mitral position.: 5 (0.8%); Mild mitral annulus calcification.   : 3 (0.5%); mitral annulus calcification.   : 3 (0.5%); Normal mitral valve structure and function.: 3 (0.5%); S\P Mitral clip.: 3 (0.5%); Mild mitral annular calcification.  : 2 (0.3%)
21,TricuspidValveStructure,str,235,36.4,339,574,89.0,7,unclear,unknown,No Value: 339 (52.6%); nan: 235 (36.4%); Normal: 30 (4.7%); Normal : 24 (3.7%); s/p Repair: 11 (1.7%); Bioprosthetic: 3 (0.5%); Thickened: 2 (0.3%); Thickened : 1 (0.2%)
22,TricuspidRegurgitation,str,19,2.9,26,45,7.0,7,unclear,unknown,Mild (I): 197 (30.5%); Trivial: 164 (25.4%); Mild-to-moderate (I-II): 93 (14.4%); Moderate (II): 64 (9.9%); Severe (IV): 51 (7.9%); Moderately-severe (III): 31 (4.8%); No Value: 26 (4.0%); nan: 19 (2.9%)
23,ECHO_SPAP,str,119,18.4,0,119,18.4,4,unclear,unknown,Severely increased: 150 (23.3%); Moderately increased: 142 (22.0%); Mildly increased: 135 (20.9%); nan: 119 (18.4%); Normal: 99 (15.3%)
24,LeftVentricleEndDiastolicDiameter,float64,8,1.2,0,8,1.2,247,NaN = not measured (true missing),Continuous (echo or lab),"min=3.09999990463257, max=8.69999980926513, median=5.13000011444092"
25,LeftVentricleEndSystolicDiameter,float64,9,1.4,0,9,1.4,272,NaN = not measured (true missing),Continuous (echo or lab),"min=1.53999996185303, max=8.10000038146972, median=3.5"
26,LeftVentricleInterventricularSeptumThickness,float64,8,1.2,0,8,1.2,118,NaN = not measured (true missing),Continuous (echo or lab),"min=0.46000000834465, max=10.0, median=1.16999995708466"
27,LeftVentriclePosteriorWallThickness,float64,10,1.6,0,10,1.6,102,NaN = not measured (true missing),Continuous (echo or lab),"min=0.52999997138977, max=10.0, median=1.0"
28,LeftVentricleEstimatedMass,float64,11,1.7,0,11,1.7,567,NaN = not measured (true missing),Continuous (echo or lab),"min=78.7604064941406, max=3318.68920898437, median=219.449676513671"
29,LeftVentricleEstimatedMassIndex,float64,62,9.6,0,62,9.6,151,NaN = not measured (true missing),Continuous (echo or lab),"min=23.0, max=1881.0, median=114.0"
30,LeftVentricleScoreIndex,float64,5,0.8,0,5,0.8,45,NaN = not measured (true missing),Continuous (echo or lab),"min=1.0, max=2.88000011444092, median=1.0"
31,EstimatedSysPAPressure,float64,108,16.7,0,108,16.7,77,NaN = not measured (true missing),Continuous (echo or lab),"min=19.0, max=105.0, median=49.0"
32,MitralInflowPeakEWave,float64,63,9.8,0,63,9.8,302,NaN = not measured (true missing),Continuous (echo or lab),"min=38.0, max=230.0, median=104.0"
33,TissueDopplerSVelocitySeptal,float64,204,31.6,0,204,31.6,201,NaN = not measured (true missing),Continuous (echo or lab),"min=2.0, max=13.5, median=5.69000005722045"
34,TissueDopplerEVelositySeptal,float64,114,17.7,0,114,17.7,245,NaN = not measured (true missing),Continuous (echo or lab),"min=2.0, max=16.0, median=5.0"
35,TissueDopplerEERatioSeptal,float64,122,18.9,0,122,18.9,474,NaN = not measured (true missing),Continuous (echo or lab),"min=4.30999994277954, max=66.9599990844727, median=19.7199993133545"
36,TissueDopplerSVelocityLateral,float64,131,20.3,0,131,20.3,233,NaN = not measured (true missing),Continuous (echo or lab),"min=2.0, max=14.0, median=6.490000009536745"
37,TissueDopplerEVelosityLateral,float64,114,17.7,0,114,17.7,256,NaN = not measured (true missing),Continuous (echo or lab),"min=2.0, max=70.0, median=7.0"
38,TissueDopplerEERatioLateral,float64,122,18.9,0,122,18.9,452,NaN = not measured (true missing),Continuous (echo or lab),"min=1.24000000953674, max=45.0800018310546, median=14.25"
39,ProcedureSummary,str,0,0.0,0,0,0.0,644,NULL = no narrative entered (descriptive only; high missingness expected),Echo text (descriptive only),"חדר שמאל בגודל תקין, התכווצות גלובלית ירודה במידה בינונית, אקינזיה פוסטריורית,לטרלית, אינפרו-בזלית וספטו-בזלית, הפוקינזיה אנטריורית, תבנית מילוי רסטריקטיבית, עליות בגודל תקין, חדר ימני בגודל תקין, טבעת מסתם מיטרלי מסוידת, אי ספיקה מיטרלית קשה, מסתם אאורטלי מעובה, אי ספיקה אאורטלית וטריקוספידלית קלה, לחץ דם ריאתי מוגבר במידה קשה.: 2 (0.3%); בדיקה בוצעה בשכיבה על הגב.  חדר שמאלי בגודל תקין, ספטום מעובה במדיה קלה, תפקודו הגלובלי הסיסטולי תקין  עם היפוקנזיה ספטלית בלבד.   תבנית מילוי דיאסטולי מתאימה להפרעה דרגה 1 ( הפרעה בהרפיה).   חדר ימין בגודל ותפקוד תקינים   עליה שמאלית מרוחבת במדיה קלה   מסתם אאורטלי מסוייד תלת עלי  מפתחו מוגבלת במידה קלה מאוד עם דלף מנימלי  והצרות קלה.   מסתם מטרלי עם דלף מנימלי   מסתם טריקוספידלי עם דלף מנימלי   לחץף דם ראתי סיסטולי לא ניתן להערכה בהעדר סגנל TR דופלר מספק  IVC אינו מורחב ועובר תמט נשימתי הולם באינספיריום    ללא עדות לתפליט פריקרדיאלי    אאורטה  עולה ברוחב תקין : 1 (0.2%); חדר שמאל בגודל ותפקוד תקין, תבנית המילוי פסאדונורמלית, היפוקינזיה אינפרובזלית ואפיקלית, חדר ימין בגודל ותפקוד תקין, הרחבה של עליה שמאלית, הסתידות בטבעת המסתם המיטרלי, אי ספיקה מיטרלית קלה עם סילון אקסנטרי קדמי, מסתם אאורטלי מעובה, אי ספיקה טריקוספידלית מינימלית, לחץ ראתי מוגבר במידה בינונית, הודגם תפליט פלאורלי מימין. : 1 (0.2%); חדר שמאל בגודל תקין, התכווצותו הגלובלית ואיזורית תקינה, חדר ימין עם תפקוד תקין, עליות בגודל תקין, אי ספיקה מיטרלית מינימלית, אי ספיקה טריקוספידלית מינימלית, לא ניתן להעריך לחץ דם ריאתי בשל סינגל TR קלוש.  הודגם נוזל פקרידריאלי בכמות גדולה , עם סימני לחץ על עליה הימנית, והחדר הימני ללא שינוים רספירטוריים משמעותיים. IVC אינו מורחב עם קולפס נשימתי תקין.: 1 (0.2%); חדר שמאל בגודל תקין ,תפקודו הסיסטולי הגלובלי תקין  עם היפוקינזיה אחורית קלה, תבנית המילוי הדיאסטולי פסאודונורמלית ,עליה שמאל מורחבת במידה קלה. מודגם PFO עם דלף משמאל לימין.   חדר ימין בגודל ותפקוד תקינים , ל""ד ריאתי מוערך מוגבר במידה קלה.   מסתם אאורטלי מסוייד ללא דלף או הצרות, אנולוס מיטראלי מסוייד, דלף מיטראלי וטריקוספידלי מינימלי : 1 (0.2%); חדר שמאלי מעט מורחב, היפרטרופי, התכווצות גלובלית ואיזורית תקינה, חדר ימני בגודל והתכווצות תקינה, מסתם אורטלי מסוייד עם היצרות קלה, אנולוס מיטרלי מסוייד עם דלף קל מיטרלי על בסיס ה - MAC ניצפה מסה מסויידת ניידת בגודל של 1.1 על 0.7 ס""מ באבחנה מבדלת: מרכיב של ה MAC (במקום ראשון) או וגטציה. דלף קל של טריקספיד, אין עדות ליתר לחץ דם ריאתי, הגדלה קלה של העליה השמאלית.: 1 (0.2%); חדר שמאל בגודל תקין, היפרטרופי, תפקודו הגלובלי והאיזורי תקין. חדר ימין תקין. עליה שמאלית מורחבת במידה קלה. מסתם אורטלי מסוייד, היצרות קלה,דלף עד בינוני.אי ספיקה מיטרלית וטריקוספידלית מינימלית. לחץ דם ריאתי מוערך כתקין.  הודגמה אנאוריזמה בינעלתית.: 1 (0.2%); חדר שמאל עם חלל בגודל תקין, היפרטופי במידה ניכרת במידה ניכרת,תפקודו הסיסטולי הגלובלי תקין ללא הפרעה אזורית, תבנית המילוי הדיאסטולי פסאודונורמלית, עליה שמאל מורחבת במידה קלה.   חדר ימין בגודל ותפקוד תקינים ללא עדות ליל""ד ריאתי (תתכן תת הערכה בשל סיגנל TR חלש) .   מסתם אאורטלי מסוייד עם דלף מינימלי ללא הצרות,דלף מיטראלי וטריקוספידלי מינימלי. : 1 (0.2%); חדר שמאל בגודל תקין ,תפקודו הסיסטולי הגלובלי תקין ללא הפרעה אזורית ,לא ניתן לקבוע תפקוד דיאסטולי, עליה שמאל מורחבת במידה קלה   חדר ימין בגודל ותפקוד תקינים , ל""ד ריאתי מוערך מוגבר במידה קלה   מסתם אאורטלי מסוייד עם הצרות בינונית ללא דלף, אנולוס מיטראלי מסוייד ללא הצרות, דלף מיטראלי קל ודלף טריקוספידלי מינימלי.   מודגם תפליט פריקרדיאלי קל עד בינוני ללא סימני לחץ על מדורים ימניים : 1 (0.2%); עליה שמאלית מורחבת. חדר ימין עם תפקוד ירוד במדיה בינונית, אלקטרודה של קוצב בתוכו(FAC=25). חדר שמאל מורחב עם תפקוד גלובלי ירוד במידה קשה. אקינזיה פוסטירורית, אחורית, קידמית, דיסקינזיה אפיקלית. שאר הדפנות היפוקינטיות. מסתם אורטלי מסויד. אס""ק מיטרלית קלה. אס""ק אורטלית קלה. אס""ק טרקיוספידלית בינונית. יל""ד  ריאתי קל.   בדיקת סינכרוניזציה:   חדר ימין מתכווץ 16 מילישניות אחרי חדר שמאל( לא משמעותי)   YU INDEX=32.9( משמעותי)  בסי הקיר הלטרלי מתכווץ 65 מילישניות אחרי בסיס הספטום( משמעותי)    הקיר הלטרלי מתכווץ אחרון.: 1 (0.2%); איכות הדמייה ירודה.  חדר שמאלי בגודל תקין, מעובה במידה קלה, התכווצותו הגלובלית והאיזורית תקינה, חדר ימני בגודל תקין והתכווצותו תקינה, עליות בגודל תקין.  אין עדות לחסימה באפיק המוצא של חדר שמאל, הודגם מפל לחצים מיד ונטריקולורי עד 57 ממ""כ, טבעת המסתם המיטרלי מסויידת, אי ספיקה מיטרלית מינימלית, אי ספיקה טריקוספידלית מינימלית, אין עדות ליתר לחץ דם ריאתי. : 1 (0.2%); חדר שמאלי מורחב עם התכוווצת גלובלית ירודה מאוד, מערבת את כל הדפנות, תבנית המילוי רסטריקטיבית, איו פעילות מכנית עלייתית בדופלר, חדר ימני מורחב והיפוקינטי, אי ספיקה מיטרלית קלה עד בינונית וטריקוספידלית בינונית קשה עם יתר לחץ דם ריאתי בחומרה בינונית (בנוכחות לחץ דם סיסטולי נמוך), מודגם תפליט פלאורלי ופריטונאלי, עלי שמאלית מורחבת. קוצב מימין. : 1 (0.2%); עליות מורחבות. חדר ימין מורחב והיפוקינטי בינונית(FAC=16). אלקטרודת קוצב בתוכו. חדר שמאל מורחב עם תפקוד גלובלי ירוד במבדיה קשה. דיסקינזיה אפיקלית. אקיזניה  ספטלית, אינפריורית, פוסטריורית, ךטרלית וקידמית. רק הסגמנטים בזלים מתכווצים. אס""ק מיטרלת קלה עד בינונית. מסתם אורטלי מעט מסויד. אס""ק טריקוספידלית בינונית. יל""ד ריאתי קשה. תבנית מילוי רסטריקטיבית.   בדיקת סינכרוניזציה:   חדר ימין מתכווץ 30 מילישניות לפני חדר שמאל ( לא משמעותי)   YU INCEX= 42( משמעותי)   BAX INDEX= 70 ( משמעותי)   הקיר ה אנטריורי מתכווץ אחרון.: 1 (0.2%); בדיקה טכנית קשה. עליה שצמאליתתקינה. חדר ימין תקין. חדר שמאל ברוחב תקין, הספטום מעובה, תפקוד היפרדינמי. מסתם אורטלי מעובה עם דלף מימלי. אס""ק מיטרלית מינימלית. אס""ק טרקיוספידלית מינימלית. לחץ ריאתי תקין. תבנית מילוי ספוידו נורמלית. אלקטרודת קוצב מימין.: 1 (0.2%); בדיחקה בנוכחות פרפרו פרוזדורים  חדר שמאלי בגודל תקין תפקודו הגלובלי הסיסטולי תקין ללא הפרעה אזורית   חד רימין בגודל ותפקוד תקינים   מסתם אורטלי מסוייד קלות עם דלף מנימלי   מסתם מיטרלי עם טבעת מסויידת עם דלף קל  דרכו    מסתם טריקוספידלי עם דלף בינוני  לחץ דם ראתי סיסטולי מוערך כמוגבר במידה בינונית  וריד נבוב תחתון מורחב ולא עובר תמט נשימתי הול   תפליט פריקרדיאלי קל-בינוני ללא   סימני לחץ על חדר ימין בדיאסטולית  מוקדמת או על עליה ימין בדיאסטולית מאוחרת: 1 (0.2%)"
40,Weight,float64,90,14.0,0,90,14.0,233,NaN = not measured (true missing),Continuous (echo or lab),"min=9.0, max=166.5, median=80.0"
41,BMI,float64,121,18.8,0,121,18.8,488,NaN = not measured (true missing),Continuous (echo or lab),"min=3.7460978147762747, max=338020.5516495403, median=27.975312795096144"
42,MI,object,452,70.1,0,452,70.1,175,"MIXED dtype object: some dates, some strings → INVESTIGATE",Comorbidity (atypical encoding),nan: 452 (70.1%); 2015-01-01 00:00:00: 4 (0.6%); 1998-01-01 00:00:00: 3 (0.5%); 2006-01-01 00:00:00: 3 (0.5%); 2005-01-01 00:00:00: 3 (0.5%); 2011-01-01 00:00:00: 3 (0.5%); 2004-01-01 00:00:00: 2 (0.3%); 2017-09-06 00:00:00: 2 (0.3%); 2023-09-01 00:00:00: 2 (0.3%); 2003-01-01 00:00:00: 2 (0.3%); 1996-01-01 00:00:00: 2 (0.3%); 2000-01-01 00:00:00: 2 (0.3%); 2014-01-01 00:00:00: 2 (0.3%); 2017-03-08 00:00:00: 1 (0.2%); 2009-09-01 00:00:00: 1 (0.2%)
43,CABG,datetime64[us],512,79.4,0,512,79.4,108,Date-encoded comorbidity → NaN = NO condition (NOT missing),Comorbidity date — derive binary as notna(),"min=1986-01-01 00:00:00, max=2025-03-28 00:00:00"
44,IHD,datetime64[us],249,38.6,0,249,38.6,394,Date-encoded comorbidity → NaN = NO condition (NOT missing),Comorbidity date — derive binary as notna(),"min=2004-01-01 00:00:00, max=2025-03-28 23:10:32.497000"
45,AFIB,datetime64[us],342,53.0,0,342,53.0,300,Date-encoded comorbidity → NaN = NO condition (NOT missing),Comorbidity date — derive binary as notna(),"min=1997-04-18 00:00:00, max=2025-05-06 03:02:52.307000"
46,HTN,datetime64[us],112,17.4,0,112,17.4,529,Date-encoded comorbidity → NaN = NO condition (NOT missing),Comorbidity date — derive binary as notna(),"min=2003-05-09 20:07:54, max=2025-04-15 09:45:31.333000"
47,Diabetes mellitus,datetime64[us],235,36.4,0,235,36.4,409,Date-encoded comorbidity → NaN = NO condition (NOT missing),Comorbidity date — derive binary as notna(),"min=2007-03-05 13:05:10.947000, max=2025-05-30 07:50:31.340000"
48,DYSLIPIDEMIA,datetime64[us],334,51.8,0,334,51.8,308,Date-encoded comorbidity → NaN = NO condition (NOT missing),Comorbidity date — derive binary as notna(),"min=2007-08-20 00:00:00, max=2025-05-30 07:50:31.340000"
49,COPD,datetime64[us],540,83.7,0,540,83.7,105,Date-encoded comorbidity → NaN = NO condition (NOT missing),Comorbidity date — derive binary as notna(),"min=2008-12-25 17:39:37.837000, max=2024-02-18 11:26:55.987000"
50,OncologicalDiagnosis,str,502,77.8,0,502,77.8,1,String marker: NaN vs 'Oncological diagnosis' → derive binary,Comorbidity flag,nan: 502 (77.8%); Oncological diagnosis: 143 (22.2%)
51,sbp-numeric result,float64,164,25.4,0,164,25.4,115,NaN = not measured (true missing),Continuous (echo or lab),"min=55.0, max=220.0, median=134.0"
52,dbp-numeric result,float64,137,21.2,0,137,21.2,77,NaN = not measured (true missing),Continuous (echo or lab),"min=24.0, max=137.0, median=67.0"
53,hospitalization-count,int64,0,0.0,0,0,0.0,11,Always populated (0 or N) — no NaN expected,Outcome (hosp count),"min=0, max=10, median=1.0"
54,GFR,float64,1,0.2,0,1,0.2,616,NaN = not measured (true missing),Continuous (echo or lab),"min=1.4332231418607648, max=114.58333333333347, median=14.047150312155315"
55,na-numeric result,float64,3,0.5,0,3,0.5,56,NaN = not measured (true missing),Continuous (echo or lab),"min=116.0, max=159.0, median=137.0"
56,k-numeric result,float64,3,0.5,0,3,0.5,69,NaN = not measured (true missing),Continuous (echo or lab),"min=2.56, max=8.19999999999999, median=4.5"
57,albumin-numeric result,float64,1,0.2,0,1,0.2,39,NaN = not measured (true missing),Continuous (echo or lab),"min=1.5, max=4.79999999999999, median=3.1"
58,hb-numeric result,float64,66,10.2,0,66,10.2,105,NaN = not measured (true missing),Continuous (echo or lab),"min=4.5, max=16.0, median=9.69"
59,urea-numeric result,float64,4,0.6,0,4,0.6,267,NaN = not measured (true missing),Continuous (echo or lab),"min=25.0, max=472.0, median=211.0"
60,creatinine-numeric result,float64,1,0.2,0,1,0.2,428,NaN = not measured (true missing),Continuous (echo or lab),"min=0.959999999999999, max=13.83, median=5.07"
61,ca-numeric result,float64,1,0.2,0,1,0.2,58,NaN = not measured (true missing),Continuous (echo or lab),"min=4.79999999999999, max=12.8, median=8.3"
62,p-numeric result,float64,1,0.2,0,1,0.2,129,NaN = not measured (true missing),Continuous (echo or lab),"min=1.89999999999999, max=13.0, median=5.79999999999999"
63,ua-numeric result,float64,1,0.2,0,1,0.2,149,NaN = not measured (true missing),Continuous (echo or lab),"min=1.7, max=22.1999999999999, median=9.350000000000001"
64,crp-numeric result,float64,25,3.9,0,25,3.9,595,NaN = not measured (true missing),Continuous (echo or lab),"min=0.27, max=688.32, median=38.06"
65,hba1c-numeric result,float64,65,10.1,0,65,10.1,71,NaN = not measured (true missing),Continuous (echo or lab),"min=4.0, max=18.6999999999999, median=6.09999999999999"
