outcome,model_tier,model_type,variable_or_term,effect_measure,estimate,ci_lower,ci_upper,p_value,n_complete,events_or_counts,note
one_year_mortality,Model_B,logistic,C(Q('m/f'))[T.m],OR,0.8635362230697026,0.5819789865780737,1.2813088199937108,0.4661480235085459,612,237.0,consultation_only_not_final_stage5
one_year_mortality,Model_B,logistic,C(Q('AFIB_binary'))[T.1],OR,1.2458933770448675,0.8653023824664029,1.7938819289273522,0.2371641490273919,612,237.0,consultation_only_not_final_stage5
one_year_mortality,Model_B,logistic,Q('AgeAtFirstHFDate'),OR,1.0546846521137263,1.036214610061648,1.0734839140494978,3.493761139485017e-09,612,237.0,consultation_only_not_final_stage5
one_year_mortality,Model_B,logistic,Q('albumin-numeric result'),OR,0.46598073398819906,0.33212118467065616,0.6537916112261943,9.8877183538687e-06,612,237.0,consultation_only_not_final_stage5
one_year_mortality,Model_B,logistic,Q('creatinine-numeric result'),OR,0.8183857477336048,0.7438608834888464,0.9003770018826834,3.884672890890123e-05,612,237.0,consultation_only_not_final_stage5
one_year_mortality,Model_B,logistic,Q('LV_EF'),OR,0.9718377347140311,0.9603954457221455,0.9834163487769664,2.2739823977735115e-06,612,237.0,consultation_only_not_final_stage5
survival,Model_B,cox,AgeAtFirstHFDate,HR,1.0413666389675131,1.0324242913780792,1.050386440740346,3.2051096456726187e-20,639,501.0,consultation_only_not_final_stage5
survival,Model_B,cox,albumin-numeric result,HR,0.7822294057044136,0.6635743880306694,0.9221013562090642,0.003431258623857913,639,501.0,consultation_only_not_final_stage5
survival,Model_B,cox,creatinine-numeric result,HR,0.9129916715219923,0.8711193527571042,0.9568766778401981,0.0001445577448874695,639,501.0,consultation_only_not_final_stage5
survival,Model_B,cox,AFIB_binary,HR,1.1800472877725552,0.9852216999351275,1.4133992394514394,0.07213820856248003,639,501.0,consultation_only_not_final_stage5
survival,Model_B,cox,LV_EF,HR,0.9813143687568932,0.9757412465575945,0.9869193228492863,8.52078333655354e-11,639,501.0,consultation_only_not_final_stage5
survival,Model_B,cox,m/f_m,HR,0.9353433582818018,0.7710270706372754,1.1346776672299934,0.4976924451181015,639,501.0,consultation_only_not_final_stage5
hospitalization,Model_B,negative_binomial,C(Q('m/f'))[T.m],IRR,0.9499603566493107,0.8373905345924609,1.0776628609069185,0.4250308690248831,639,1164.0,consultation_only_not_final_stage5
hospitalization,Model_B,negative_binomial,C(Q('AFIB_binary'))[T.1],IRR,0.9946568687711045,0.8827599949151794,1.120737564334913,0.929887981535738,639,1164.0,consultation_only_not_final_stage5
hospitalization,Model_B,negative_binomial,Q('AgeAtFirstHFDate'),IRR,1.0293332982207508,1.023972325562901,1.0347223380705755,1.954787530838023e-27,639,1164.0,consultation_only_not_final_stage5
hospitalization,Model_B,negative_binomial,Q('albumin-numeric result'),IRR,1.0223932110004124,0.918071873497855,1.138568676455783,0.6867206235914681,639,1164.0,consultation_only_not_final_stage5
hospitalization,Model_B,negative_binomial,Q('creatinine-numeric result'),IRR,0.929912879143405,0.9018019074684562,0.9589001261089308,3.4881403968521788e-06,639,1164.0,consultation_only_not_final_stage5
hospitalization,Model_B,negative_binomial,Q('LV_EF'),IRR,0.9929665002415697,0.989145961859845,0.9968017953064221,0.00033237960190634773,639,1164.0,consultation_only_not_final_stage5
hospitalization,Model_B,ZINB_count_part,C(Q('m/f'))[T.m],IRR,0.7613730132175438,0.5593514638499238,1.036358895471658,0.08309801653040656,639,1164.0,consultation_only_not_final_stage5; ZINB count part only; inflation intercept not interpreted clinically
hospitalization,Model_B,ZINB_count_part,C(Q('AFIB_binary'))[T.1],IRR,0.9969316541410561,0.7514823095185317,1.3225497266398565,0.9829976300315004,639,1164.0,consultation_only_not_final_stage5; ZINB count part only; inflation intercept not interpreted clinically
hospitalization,Model_B,ZINB_count_part,Q('AgeAtFirstHFDate'),IRR,1.0344974107862572,1.021731477961093,1.0474228464205368,8.625391513692683e-08,639,1164.0,consultation_only_not_final_stage5; ZINB count part only; inflation intercept not interpreted clinically
hospitalization,Model_B,ZINB_count_part,Q('albumin-numeric result'),IRR,1.0288477273008803,0.7879273553155917,1.3434330447230252,0.8344994988372592,639,1164.0,consultation_only_not_final_stage5; ZINB count part only; inflation intercept not interpreted clinically
hospitalization,Model_B,ZINB_count_part,Q('creatinine-numeric result'),IRR,0.9343803080666534,0.8769575024944538,0.9955631346095426,0.03595677274543043,639,1164.0,consultation_only_not_final_stage5; ZINB count part only; inflation intercept not interpreted clinically
hospitalization,Model_B,ZINB_count_part,Q('LV_EF'),IRR,0.9830106119210276,0.9737700368707172,0.9923388752591548,0.000376572675599089,639,1164.0,consultation_only_not_final_stage5; ZINB count part only; inflation intercept not interpreted clinically
one_year_mortality,C_minimal,logistic,C(Q('m/f'))[T.m],OR,0.8275519875651235,0.5250434452773526,1.3043535697531097,0.41484870528204176,497,185.0,consultation_only_not_final_stage5
one_year_mortality,C_minimal,logistic,C(Q('AFIB_binary'))[T.1],OR,1.44593609697253,0.9541975702838129,2.191088367481689,0.0820503885659929,497,185.0,consultation_only_not_final_stage5
one_year_mortality,C_minimal,logistic,Q('AgeAtFirstHFDate'),OR,1.0491709067141466,1.0283469523155842,1.0704165447437217,2.6942753700798273e-06,497,185.0,consultation_only_not_final_stage5
one_year_mortality,C_minimal,logistic,Q('albumin-numeric result'),OR,0.4515248191037202,0.3055871928019579,0.6671570899202327,6.552738893064207e-05,497,185.0,consultation_only_not_final_stage5
one_year_mortality,C_minimal,logistic,Q('creatinine-numeric result'),OR,0.811447310125336,0.7259239009997653,0.9070465047407995,0.00023606747503806362,497,185.0,consultation_only_not_final_stage5
one_year_mortality,C_minimal,logistic,Q('LV_EF'),OR,0.9675558473539247,0.9539952038590002,0.9813092497340646,4.648880933286476e-06,497,185.0,consultation_only_not_final_stage5
one_year_mortality,C_minimal,logistic,Q('TissueDopplerEERatioSeptal'),OR,1.0105669680095133,0.9885234913776333,1.0331020008525087,0.3502153694652391,497,185.0,consultation_only_not_final_stage5
survival,C_minimal,cox,AgeAtFirstHFDate,HR,1.0389086016445368,1.0288183425802666,1.0490978221325786,1.7824327776023444e-14,518,405.0,consultation_only_not_final_stage5
survival,C_minimal,cox,albumin-numeric result,HR,0.756305168912786,0.626337972509523,0.9132409875013618,0.0036920955627762135,518,405.0,consultation_only_not_final_stage5
survival,C_minimal,cox,creatinine-numeric result,HR,0.922683281587444,0.8747312906988021,0.9732639579417074,0.003124685850445931,518,405.0,consultation_only_not_final_stage5
survival,C_minimal,cox,AFIB_binary,HR,1.2516633836594881,1.0188748272973476,1.5376385636591117,0.03251125325178605,518,405.0,consultation_only_not_final_stage5
survival,C_minimal,cox,LV_EF,HR,0.9815364495436691,0.9750023701411923,0.9881143177562508,4.536008675371677e-08,518,405.0,consultation_only_not_final_stage5
survival,C_minimal,cox,TissueDopplerEERatioSeptal,HR,1.018554919021078,1.007862854179678,1.0293604122422408,0.000638714035599331,518,405.0,consultation_only_not_final_stage5
survival,C_minimal,cox,m/f_m,HR,1.0129804187091103,0.8151647375828519,1.2587999472729774,0.9073787275565113,518,405.0,consultation_only_not_final_stage5
hospitalization,C_minimal,negative_binomial,C(Q('m/f'))[T.m],IRR,0.9455815892626893,0.6800570511764366,1.3147787239405864,0.7393463944133545,518,955.0,consultation_only_not_final_stage5
hospitalization,C_minimal,negative_binomial,C(Q('AFIB_binary'))[T.1],IRR,1.0404140948950014,0.7728647437791909,1.4005833460109889,0.793922916528703,518,955.0,consultation_only_not_final_stage5
hospitalization,C_minimal,negative_binomial,Q('AgeAtFirstHFDate'),IRR,1.0314494192449835,1.0181315021396449,1.0449415446089332,3.011499685857264e-06,518,955.0,consultation_only_not_final_stage5
hospitalization,C_minimal,negative_binomial,Q('albumin-numeric result'),IRR,0.8564003031087601,0.6453301736981389,1.1365057904573403,0.2829525733618279,518,955.0,consultation_only_not_final_stage5
hospitalization,C_minimal,negative_binomial,Q('creatinine-numeric result'),IRR,0.9613263274612547,0.8967260833736395,1.0305803801238131,0.26644438376659985,518,955.0,consultation_only_not_final_stage5
hospitalization,C_minimal,negative_binomial,Q('LV_EF'),IRR,0.989167623931612,0.9785576288955021,0.9998926576648226,0.04775857331893771,518,955.0,consultation_only_not_final_stage5
hospitalization,C_minimal,negative_binomial,Q('TissueDopplerEERatioSeptal'),IRR,1.0269010631165383,1.011327864824256,1.0427140694013481,0.0006622477700905909,518,955.0,consultation_only_not_final_stage5
hospitalization,C_minimal,ZINB_count_part,C(Q('m/f'))[T.m],IRR,0.9455822540706244,0.6800572538815857,1.3147801808007356,0.7393498590191894,518,955.0,consultation_only_not_final_stage5; ZINB count part only; inflation intercept not interpreted clinically
hospitalization,C_minimal,ZINB_count_part,C(Q('AFIB_binary'))[T.1],IRR,1.0404137221096428,0.7728646118373294,1.4005825814442576,0.7939246111352287,518,955.0,consultation_only_not_final_stage5; ZINB count part only; inflation intercept not interpreted clinically
hospitalization,C_minimal,ZINB_count_part,Q('AgeAtFirstHFDate'),IRR,1.0314494295313734,1.0181315108041777,1.0449415565581277,3.0114853412020703e-06,518,955.0,consultation_only_not_final_stage5; ZINB count part only; inflation intercept not interpreted clinically
hospitalization,C_minimal,ZINB_count_part,Q('albumin-numeric result'),IRR,0.8564002413560463,0.6453296073851816,1.136506623904105,0.28295371961982707,518,955.0,consultation_only_not_final_stage5; ZINB count part only; inflation intercept not interpreted clinically
hospitalization,C_minimal,ZINB_count_part,Q('creatinine-numeric result'),IRR,0.961326379152323,0.8967261288616575,1.030580438675596,0.2664450566058336,518,955.0,consultation_only_not_final_stage5; ZINB count part only; inflation intercept not interpreted clinically
hospitalization,C_minimal,ZINB_count_part,Q('LV_EF'),IRR,0.989167655553293,0.9785576602187294,0.999892689587747,0.04775922595984293,518,955.0,consultation_only_not_final_stage5; ZINB count part only; inflation intercept not interpreted clinically
hospitalization,C_minimal,ZINB_count_part,Q('TissueDopplerEERatioSeptal'),IRR,1.0269010823611682,1.0113278805979489,1.042714092220071,0.0006622436397468798,518,955.0,consultation_only_not_final_stage5; ZINB count part only; inflation intercept not interpreted clinically
one_year_mortality,C_lite,logistic,C(Q('m/f'))[T.m],OR,0.806886056950231,0.4893325875763615,1.33051655546871,0.4004096357176419,398,164.0,consultation_only_not_final_stage5
one_year_mortality,C_lite,logistic,C(Q('AFIB_binary'))[T.1],OR,1.526652827026287,0.9665475381233017,2.4113339099623596,0.06966144040859996,398,164.0,consultation_only_not_final_stage5
one_year_mortality,C_lite,logistic,C(Q('LACavitySize'))[T.Moderate_or_Severe],OR,1.3566577070255283,0.8307794791381878,2.2154135727341684,0.2228199141549848,398,164.0,consultation_only_not_final_stage5
one_year_mortality,C_lite,logistic,C(Q('LACavitySize'))[T.Normal],OR,1.3189331025496611,0.5931686319610426,2.9326981152899627,0.4971500067885638,398,164.0,consultation_only_not_final_stage5
one_year_mortality,C_lite,logistic,Q('AgeAtFirstHFDate'),OR,1.04087648455329,1.0189790943535806,1.0632444395567482,0.00022147788131801695,398,164.0,consultation_only_not_final_stage5
one_year_mortality,C_lite,logistic,Q('albumin-numeric result'),OR,0.38880555108199005,0.2495418618188677,0.6057891667967836,2.9754377848843332e-05,398,164.0,consultation_only_not_final_stage5
one_year_mortality,C_lite,logistic,Q('creatinine-numeric result'),OR,0.8351736030728193,0.7348265473670157,0.9492239355925922,0.005817209804781301,398,164.0,consultation_only_not_final_stage5
one_year_mortality,C_lite,logistic,Q('LV_EF'),OR,0.9709322182989171,0.9559053285569891,0.9861953316589904,0.0002099242336408659,398,164.0,consultation_only_not_final_stage5
one_year_mortality,C_lite,logistic,Q('TissueDopplerEERatioSeptal'),OR,1.0056953098410393,0.9816816885469896,1.0302963455835623,0.6450953783141471,398,164.0,consultation_only_not_final_stage5
one_year_mortality,C_lite,logistic,Q('EstimatedSysPAPressure'),OR,0.9950143635569251,0.9785407694046039,1.0117652883149608,0.5573450579057253,398,164.0,consultation_only_not_final_stage5
survival,C_lite,cox,AgeAtFirstHFDate,HR,1.0375821111548362,1.0267005778128162,1.0485789729289543,6.951577398280668e-12,415,340.0,consultation_only_not_final_stage5
survival,C_lite,cox,albumin-numeric result,HR,0.606798633442712,0.4889368699058228,0.7530718262643293,5.795678612355344e-06,415,340.0,consultation_only_not_final_stage5
survival,C_lite,cox,creatinine-numeric result,HR,0.912202428419114,0.8582441579539629,0.9695530842848616,0.003138085545018115,415,340.0,consultation_only_not_final_stage5
survival,C_lite,cox,AFIB_binary,HR,1.3540004471090088,1.0838689997648143,1.69145645015145,0.00760057829909792,415,340.0,consultation_only_not_final_stage5
survival,C_lite,cox,LV_EF,HR,0.9804419851139485,0.9731531069869582,0.9877854566486655,2.1260902215338294e-07,415,340.0,consultation_only_not_final_stage5
survival,C_lite,cox,TissueDopplerEERatioSeptal,HR,1.014207592828299,1.0022638407407958,1.026293675915015,0.01959095798757771,415,340.0,consultation_only_not_final_stage5
survival,C_lite,cox,EstimatedSysPAPressure,HR,1.0030456237808663,0.9947008018610665,1.0114604527346835,0.4755764274774035,415,340.0,consultation_only_not_final_stage5
survival,C_lite,cox,m/f_m,HR,0.9471592447317704,0.7427337436508714,1.207849572676144,0.6616491581373432,415,340.0,consultation_only_not_final_stage5
survival,C_lite,cox,LACavitySize_Moderate_or_Severe,HR,1.13897754931669,0.895747725568595,1.4482535883906191,0.2883670731918191,415,340.0,consultation_only_not_final_stage5
survival,C_lite,cox,LACavitySize_Normal,HR,1.2639200126519627,0.8448339341993647,1.8908968185517503,0.2544631855938725,415,340.0,consultation_only_not_final_stage5
hospitalization,C_lite,negative_binomial,C(Q('m/f'))[T.m],IRR,1.256528683341315,,,,415,781.0,consultation_only_not_final_stage5
hospitalization,C_lite,negative_binomial,C(Q('AFIB_binary'))[T.1],IRR,1.1104809084540865,,,,415,781.0,consultation_only_not_final_stage5
hospitalization,C_lite,negative_binomial,C(Q('LACavitySize'))[T.Moderate_or_Severe],IRR,0.8082412637283732,,,,415,781.0,consultation_only_not_final_stage5
hospitalization,C_lite,negative_binomial,C(Q('LACavitySize'))[T.Normal],IRR,1.251175157882712,,,,415,781.0,consultation_only_not_final_stage5
hospitalization,C_lite,negative_binomial,Q('AgeAtFirstHFDate'),IRR,1.0214303034852792,,,,415,781.0,consultation_only_not_final_stage5
hospitalization,C_lite,negative_binomial,Q('albumin-numeric result'),IRR,0.9343730114699186,,,,415,781.0,consultation_only_not_final_stage5
hospitalization,C_lite,negative_binomial,Q('creatinine-numeric result'),IRR,0.9453606669116041,,,,415,781.0,consultation_only_not_final_stage5
hospitalization,C_lite,negative_binomial,Q('LV_EF'),IRR,0.99628144307861,,,,415,781.0,consultation_only_not_final_stage5
hospitalization,C_lite,negative_binomial,Q('TissueDopplerEERatioSeptal'),IRR,1.033946736635214,,,,415,781.0,consultation_only_not_final_stage5
hospitalization,C_lite,negative_binomial,Q('EstimatedSysPAPressure'),IRR,1.003122619892587,,,,415,781.0,consultation_only_not_final_stage5
hospitalization,C_lite,ZINB_count_part,C(Q('m/f'))[T.m],IRR,1.1501226237223274,,,,415,781.0,consultation_only_not_final_stage5; ZINB count part only; inflation intercept not interpreted clinically
hospitalization,C_lite,ZINB_count_part,C(Q('AFIB_binary'))[T.1],IRR,1.0456589909609526,,,,415,781.0,consultation_only_not_final_stage5; ZINB count part only; inflation intercept not interpreted clinically
hospitalization,C_lite,ZINB_count_part,C(Q('LACavitySize'))[T.Moderate_or_Severe],IRR,0.7569195919679234,,,,415,781.0,consultation_only_not_final_stage5; ZINB count part only; inflation intercept not interpreted clinically
hospitalization,C_lite,ZINB_count_part,C(Q('LACavitySize'))[T.Normal],IRR,1.4739830417170776,,,,415,781.0,consultation_only_not_final_stage5; ZINB count part only; inflation intercept not interpreted clinically
hospitalization,C_lite,ZINB_count_part,Q('AgeAtFirstHFDate'),IRR,1.0262772837899679,,,,415,781.0,consultation_only_not_final_stage5; ZINB count part only; inflation intercept not interpreted clinically
hospitalization,C_lite,ZINB_count_part,Q('albumin-numeric result'),IRR,0.8397882039010127,,,,415,781.0,consultation_only_not_final_stage5; ZINB count part only; inflation intercept not interpreted clinically
hospitalization,C_lite,ZINB_count_part,Q('creatinine-numeric result'),IRR,0.9464183247635154,,,,415,781.0,consultation_only_not_final_stage5; ZINB count part only; inflation intercept not interpreted clinically
hospitalization,C_lite,ZINB_count_part,Q('LV_EF'),IRR,0.9891056065855782,,,,415,781.0,consultation_only_not_final_stage5; ZINB count part only; inflation intercept not interpreted clinically
hospitalization,C_lite,ZINB_count_part,Q('TissueDopplerEERatioSeptal'),IRR,1.0274647794368537,,,,415,781.0,consultation_only_not_final_stage5; ZINB count part only; inflation intercept not interpreted clinically
hospitalization,C_lite,ZINB_count_part,Q('EstimatedSysPAPressure'),IRR,1.0049125644199866,,,,415,781.0,consultation_only_not_final_stage5; ZINB count part only; inflation intercept not interpreted clinically
one_year_mortality,C_full,logistic,C(Q('m/f'))[T.m],OR,0.794898178556342,0.4800336746554028,1.3162891431018455,0.37237835519213214,391,163.0,consultation_only_not_final_stage5
one_year_mortality,C_full,logistic,C(Q('AFIB_binary'))[T.1],OR,1.5120460790251835,0.9525367723791831,2.400204812445093,0.07947407440540127,391,163.0,consultation_only_not_final_stage5
one_year_mortality,C_full,logistic,C(Q('tricuspid_regurgitation_clin_grouped'))[T.None_Trace_Mild],OR,1.1830742541273591,0.7475051568861113,1.8724482070593365,0.4729555265302138,391,163.0,consultation_only_not_final_stage5
one_year_mortality,C_full,logistic,C(Q('LACavitySize'))[T.Moderate_or_Severe],OR,1.3575227376230306,0.8285790399189734,2.224130583056676,0.22494947942845134,391,163.0,consultation_only_not_final_stage5
one_year_mortality,C_full,logistic,C(Q('LACavitySize'))[T.Normal],OR,1.4025993910613745,0.6227053671342979,3.15925501149801,0.41413256273428856,391,163.0,consultation_only_not_final_stage5
one_year_mortality,C_full,logistic,Q('AgeAtFirstHFDate'),OR,1.0412266491992457,1.0191751044644697,1.0637553156995159,0.000216349514421123,391,163.0,consultation_only_not_final_stage5
one_year_mortality,C_full,logistic,Q('albumin-numeric result'),OR,0.3842134602649086,0.24452264034680046,0.6037068094773093,3.3406472520662204e-05,391,163.0,consultation_only_not_final_stage5
one_year_mortality,C_full,logistic,Q('creatinine-numeric result'),OR,0.841070241713622,0.7383922677204245,0.9580262177989805,0.009173824871390726,391,163.0,consultation_only_not_final_stage5
one_year_mortality,C_full,logistic,Q('LV_EF'),OR,0.9710108116534742,0.9558418137215958,0.9864205382236629,0.0002502642907873183,391,163.0,consultation_only_not_final_stage5
one_year_mortality,C_full,logistic,Q('TissueDopplerEERatioSeptal'),OR,1.0082864430674612,0.9833187618813787,1.0338880846008647,0.5188852170923408,391,163.0,consultation_only_not_final_stage5
one_year_mortality,C_full,logistic,Q('EstimatedSysPAPressure'),OR,0.9937552286445392,0.9771191494506773,1.0106745477391852,0.4670562945764073,391,163.0,consultation_only_not_final_stage5
survival,C_full,cox,AgeAtFirstHFDate,HR,1.0381265353752949,1.0271490692106486,1.0492213211841954,5.248341325911119e-12,408,335.0,consultation_only_not_final_stage5
survival,C_full,cox,albumin-numeric result,HR,0.6032240621254453,0.4846393571479567,0.7508248427624782,6.007329633009631e-06,408,335.0,consultation_only_not_final_stage5
survival,C_full,cox,creatinine-numeric result,HR,0.9188149425079297,0.8630357026550954,0.9781992749299223,0.008054795412478468,408,335.0,consultation_only_not_final_stage5
survival,C_full,cox,AFIB_binary,HR,1.3414709572141412,1.070644510451818,1.6808047035982154,0.010672391971942106,408,335.0,consultation_only_not_final_stage5
survival,C_full,cox,LV_EF,HR,0.9808389384331969,0.973532431059372,0.9882002822442072,3.94913950797859e-07,408,335.0,consultation_only_not_final_stage5
survival,C_full,cox,TissueDopplerEERatioSeptal,HR,1.0162756330351914,1.0037996932649647,1.028906632698537,0.0104150607517183,408,335.0,consultation_only_not_final_stage5
survival,C_full,cox,EstimatedSysPAPressure,HR,1.003000028809193,0.9945712223484823,1.0115002678397946,0.4866122082798674,408,335.0,consultation_only_not_final_stage5
survival,C_full,cox,m/f_m,HR,0.9448334902217024,0.7389154307278532,1.208135988397452,0.6509518597544774,408,335.0,consultation_only_not_final_stage5
survival,C_full,cox,tricuspid_regurgitation_clin_grouped_None_Trace_Mild,HR,0.957530635428964,0.7650626009921052,1.1984181642077896,0.7046546379652235,408,335.0,consultation_only_not_final_stage5
survival,C_full,cox,LACavitySize_Moderate_or_Severe,HR,1.1416974383986505,0.8970431571411498,1.4530772911753436,0.28149968045973817,408,335.0,consultation_only_not_final_stage5
survival,C_full,cox,LACavitySize_Normal,HR,1.257431573370392,0.8333637478870562,1.897291747712341,0.2750786446615736,408,335.0,consultation_only_not_final_stage5
hospitalization,C_full,negative_binomial,C(Q('m/f'))[T.m],IRR,1.248678468606255,,,,408,766.0,consultation_only_not_final_stage5
hospitalization,C_full,negative_binomial,C(Q('AFIB_binary'))[T.1],IRR,1.1136876490357885,,,,408,766.0,consultation_only_not_final_stage5
hospitalization,C_full,negative_binomial,C(Q('tricuspid_regurgitation_clin_grouped'))[T.None_Trace_Mild],IRR,0.9824199115238941,,,,408,766.0,consultation_only_not_final_stage5
hospitalization,C_full,negative_binomial,C(Q('LACavitySize'))[T.Moderate_or_Severe],IRR,0.8099038119730664,,,,408,766.0,consultation_only_not_final_stage5
hospitalization,C_full,negative_binomial,C(Q('LACavitySize'))[T.Normal],IRR,1.261596027584795,,,,408,766.0,consultation_only_not_final_stage5
hospitalization,C_full,negative_binomial,Q('AgeAtFirstHFDate'),IRR,1.0214903771865036,,,,408,766.0,consultation_only_not_final_stage5
hospitalization,C_full,negative_binomial,Q('albumin-numeric result'),IRR,0.9309168156873452,,,,408,766.0,consultation_only_not_final_stage5
hospitalization,C_full,negative_binomial,Q('creatinine-numeric result'),IRR,0.94613093134227,,,,408,766.0,consultation_only_not_final_stage5
hospitalization,C_full,negative_binomial,Q('LV_EF'),IRR,0.9970166134582471,,,,408,766.0,consultation_only_not_final_stage5
hospitalization,C_full,negative_binomial,Q('TissueDopplerEERatioSeptal'),IRR,1.0353012229644587,,,,408,766.0,consultation_only_not_final_stage5
hospitalization,C_full,negative_binomial,Q('EstimatedSysPAPressure'),IRR,1.002718628547399,,,,408,766.0,consultation_only_not_final_stage5
hospitalization,C_full,ZINB_count_part,C(Q('m/f'))[T.m],IRR,1.1471258906853579,,,,408,766.0,consultation_only_not_final_stage5; ZINB count part only; inflation intercept not interpreted clinically
hospitalization,C_full,ZINB_count_part,C(Q('AFIB_binary'))[T.1],IRR,1.07104592937402,,,,408,766.0,consultation_only_not_final_stage5; ZINB count part only; inflation intercept not interpreted clinically
hospitalization,C_full,ZINB_count_part,C(Q('tricuspid_regurgitation_clin_grouped'))[T.None_Trace_Mild],IRR,1.0634188603375698,,,,408,766.0,consultation_only_not_final_stage5; ZINB count part only; inflation intercept not interpreted clinically
hospitalization,C_full,ZINB_count_part,C(Q('LACavitySize'))[T.Moderate_or_Severe],IRR,0.743951431382035,,,,408,766.0,consultation_only_not_final_stage5; ZINB count part only; inflation intercept not interpreted clinically
hospitalization,C_full,ZINB_count_part,C(Q('LACavitySize'))[T.Normal],IRR,1.5062185170671978,,,,408,766.0,consultation_only_not_final_stage5; ZINB count part only; inflation intercept not interpreted clinically
hospitalization,C_full,ZINB_count_part,Q('AgeAtFirstHFDate'),IRR,1.0257981493041721,,,,408,766.0,consultation_only_not_final_stage5; ZINB count part only; inflation intercept not interpreted clinically
hospitalization,C_full,ZINB_count_part,Q('albumin-numeric result'),IRR,0.8372131969684322,,,,408,766.0,consultation_only_not_final_stage5; ZINB count part only; inflation intercept not interpreted clinically
hospitalization,C_full,ZINB_count_part,Q('creatinine-numeric result'),IRR,0.9455815634089332,,,,408,766.0,consultation_only_not_final_stage5; ZINB count part only; inflation intercept not interpreted clinically
hospitalization,C_full,ZINB_count_part,Q('LV_EF'),IRR,0.990485469808365,,,,408,766.0,consultation_only_not_final_stage5; ZINB count part only; inflation intercept not interpreted clinically
hospitalization,C_full,ZINB_count_part,Q('TissueDopplerEERatioSeptal'),IRR,1.0286986478575533,,,,408,766.0,consultation_only_not_final_stage5; ZINB count part only; inflation intercept not interpreted clinically
hospitalization,C_full,ZINB_count_part,Q('EstimatedSysPAPressure'),IRR,1.0041343572263222,,,,408,766.0,consultation_only_not_final_stage5; ZINB count part only; inflation intercept not interpreted clinically
