n,events,OR_per_SD,CIlo,CIhi,p,p_LR,AUC_base,AUC_full,dAUC,cohort,var,outcome,total_hosp,IRR_per_SD,HR_per_SD,C_base,C_full,dC
470,197.0,1.337563992308843,1.0586781116826751,1.689916334132563,0.014772170683660239,0.01424493070962718,0.7537234339264796,0.7614956955058478,0.007772261579368278,primary_365d,TricuspidRegurgitation_ord,1y_mortality,,,,,,
359,139.0,0.6827981947283494,0.49472006078364755,0.9423781481304812,0.020288051219730003,0.016436322910679313,0.7834859385219097,0.7943427076520602,0.010856769130150434,primary_365d,TissueDopplerSVelocitySeptal,1y_mortality,,,,,,
501,205.0,0.6231187076092782,0.493903791542904,0.7861387792948915,6.626838083410225e-05,4.632677491733794e-05,0.7471160184574819,0.7665622940013185,0.0194462755438366,primary_365d,LV_EF,1y_mortality,,,,,,
409,160.0,0.9883179285071779,0.7748908581500227,1.2605289087300233,0.9245779302881253,0.9245602235566768,0.7893574297188755,0.7894578313253012,0.00010040160642577067,primary_365d,EeRatio_avg,1y_mortality,,,,,,
406,160.0,1.0488586668541955,0.8192500188832164,1.3428190145601684,0.7051195962013759,0.7051612692986517,0.7885162601626017,0.7891514227642277,0.0006351626016259937,primary_365d,TissueDopplerEERatioSeptal,1y_mortality,,,,,,
406,158.0,0.8828475612206697,0.6924559691398889,1.125587547929458,0.3147096954111466,0.310416098842768,0.7928746427113108,0.7941761943650469,0.0013015516537361327,primary_365d,TissueDopplerEERatioLateral,1y_mortality,,,,,,
459,185.0,1.0973088501168422,0.8808246127450213,1.3669993947970005,0.40755598845521535,0.40743105727813544,0.7723614125073979,0.7732886170842376,0.0009272045768397019,primary_365d,MitralInflowPeakEWave,1y_mortality,,,,,,
244,125.0,1.1142277326613694,0.8027747517175832,1.5465153052900924,0.5178717540918312,0.5169788621596567,0.7848739495798319,0.7838655462184874,-0.0010084033613445564,primary_365d,RVSystolicFunction_ord,1y_mortality,,,,,,
449,193.0,1.0650529260721473,0.5515314065001753,2.0567056054576325,0.8511071409150597,0.8512599086012032,0.7734779792746114,0.7743685233160621,0.0008905440414507249,primary_365d,LeftVentricleSystolicFunction_ord,1y_mortality,,,,,,
494,,,1.0362110210589814,1.3843314887384621,0.014632014002037255,2.041699105004291e-06,,,,primary_365d,TricuspidRegurgitation_ord,hosp_rate,908.0,1.1976892524481388,,,,
360,,,0.7805029666800742,1.0492871367460397,0.18594372824010097,0.018848692275976076,,,,primary_365d,TissueDopplerSVelocitySeptal,hosp_rate,737.0,0.9049705647862392,,,,
526,,,0.7861500887447663,1.0390618550902018,0.15518526420896062,0.0060384152133348135,,,,primary_365d,LV_EF,hosp_rate,966.0,0.9038022845680705,,,,
428,,,1.1590418230228872,1.521922758702559,4.426023032858734e-05,1.1435297153639112e-13,,,,primary_365d,EeRatio_avg,hosp_rate,811.0,1.3281461247719075,,,,
425,,,1.138842812601817,1.529941145206519,0.00022754640665594182,2.6973978606292803e-12,,,,primary_365d,TissueDopplerEERatioSeptal,hosp_rate,804.0,1.319985786636446,,,,
425,,,1.1262645896864214,1.4600267613821822,0.00017279209432923348,1.5289880472835193e-11,,,,primary_365d,TissueDopplerEERatioLateral,hosp_rate,809.0,1.2823324223224248,,,,
480,,,1.072086673289522,1.4229509879232478,0.0034591602963802786,6.423928056165096e-10,,,,primary_365d,MitralInflowPeakEWave,hosp_rate,923.0,1.2351221765059008,,,,
252,,,1.017288054858795,1.9529806468978124,0.03911451827194093,1.1256173937379543e-07,,,,primary_365d,RVSystolicFunction_ord,hosp_rate,442.0,1.409519025575585,,,,
468,,,0.38402708356156817,0.8320063114502506,0.0038224297470817294,7.781981192778176e-07,,,,primary_365d,LeftVentricleSystolicFunction_ord,hosp_rate,847.0,0.5652547720197129,,,,
494,397.0,,1.1009254001364372,1.3743004268771288,0.0002528903536221594,0.00032479103803706444,,,,primary_365d,TricuspidRegurgitation_ord,full_FU_Cox,,,1.2300415632682415,0.6820510396975425,0.6890264650283554,0.006975425330812857
360,315.0,,0.6880455642770482,0.9055021599403714,0.0007333253306407943,0.0005334379771202435,,,,primary_365d,TissueDopplerSVelocitySeptal,full_FU_Cox,,,0.7893204321378352,0.6975075286730313,0.7039789837893253,0.006471455116293989
526,420.0,,0.6669556307920526,0.8230565596214265,2.2752197869539887e-08,3.9742580337787103e-08,,,,primary_365d,LV_EF,full_FU_Cox,,,0.7409063415168243,0.6587870665103033,0.6841179427039705,0.02533087619366725
428,342.0,,1.009639081898406,1.271428407200234,0.033748064083397096,0.03643135704723777,,,,primary_365d,EeRatio_avg,full_FU_Cox,,,1.132997709505715,0.702228699213548,0.7014749114299355,-0.0007537877836125695
425,339.0,,1.0164510706651704,1.2848746267406959,0.025555139837755297,0.027906851487892514,,,,primary_365d,TissueDopplerEERatioSeptal,full_FU_Cox,,,1.1428089035447226,0.7031269926288672,0.7032162624021221,8.926977325485197e-05
425,339.0,,0.9745229537696423,1.2287015368008298,0.12763931782239285,0.13262255662297973,,,,primary_365d,TissueDopplerEERatioLateral,full_FU_Cox,,,1.0942567573218105,0.7025650842266462,0.7014420622766717,-0.0011230219499744898
480,385.0,,1.0262349024528004,1.2664728572978932,0.014582683861715793,0.01501404834203357,,,,primary_365d,MitralInflowPeakEWave,full_FU_Cox,,,1.1400432663580022,0.6891277922802542,0.6911105354402886,0.001982743160034328
252,219.0,,0.9792698631698982,1.3643693957157257,0.08682993712864354,0.08791743196895352,,,,primary_365d,RVSystolicFunction_ord,full_FU_Cox,,,1.1558917905477724,0.6931422722620266,0.6944046400545889,0.00126236779256228
468,384.0,,0.5607773095995436,1.0845736592652402,0.13954367311208166,0.13901997267961286,,,,primary_365d,LeftVentricleSystolicFunction_ord,full_FU_Cox,,,0.7798745403622903,0.692495694589104,0.6898557300636272,-0.002639964525476768
199,80.0,1.4886699830644219,1.0208921407271214,2.1707859528613875,0.038696369915650064,0.03637801595154433,0.8051470588235294,0.8167016806722689,0.011554621848739455,90d,TricuspidRegurgitation_ord,1y_mortality,,,,,,
147,54.0,0.848965132573637,0.5130932841392697,1.404699337538281,0.5239296218592462,0.5210587348977014,0.800079649542015,0.805057745917961,0.0049780963759459285,90d,TissueDopplerSVelocitySeptal,1y_mortality,,,,,,
214,86.0,0.7082399485914477,0.49527719216456995,1.012773922797851,0.058703453442227424,0.05622614175840168,0.8037790697674417,0.8107739825581395,0.006994912790697749,90d,LV_EF,1y_mortality,,,,,,
167,61.0,1.0507924470695567,0.7061347981778797,1.563674201678815,0.8070025775929092,0.8072404657313222,0.8108567893597278,0.8110114444788122,0.00015465511908441254,90d,EeRatio_avg,1y_mortality,,,,,,
166,61.0,0.9978620653773911,0.663237816603284,1.501314726923704,0.9918065410813458,0.9918062733158357,0.8087431693989071,0.8087431693989071,0.0,90d,TissueDopplerEERatioSeptal,1y_mortality,,,,,,
166,61.0,1.1011798760745275,0.7370555166612995,1.6451910230104674,0.6379764316262614,0.6392128110653137,0.8140515222482435,0.8134270101483215,-0.0006245120999219811,90d,TissueDopplerEERatioLateral,1y_mortality,,,,,,
191,72.0,1.0817779881200027,0.7505152513772481,1.5592536106807715,0.6734620275795261,0.6733553296628298,0.8022875816993464,0.8031045751633987,0.0008169934640522847,90d,MitralInflowPeakEWave,1y_mortality,,,,,,
102,53.0,1.424165229304061,0.7666482183247897,2.6456027052285207,0.26313725555820267,0.2568796300900428,0.8321139776665383,0.8375048132460531,0.005390835579514808,90d,RVSystolicFunction_ord,1y_mortality,,,,,,
194,82.0,0.8391596167475812,0.2823752673412443,2.493805031192589,0.7523423552549013,0.7514743008025415,0.8258928571428572,0.8258928571428571,-1.1102230246251565e-16,90d,LeftVentricleSystolicFunction_ord,1y_mortality,,,,,,
208,,,1.1331859668264272,1.627197998612281,0.0009179460083086325,3.555682193123744e-08,,,,90d,TricuspidRegurgitation_ord,hosp_rate,403.0,1.357909399509218,,,,
147,,,0.619880747709463,1.0237887647175743,0.07568581500411685,0.0028852635482784494,,,,90d,TissueDopplerSVelocitySeptal,hosp_rate,311.0,0.7966347625917899,,,,
224,,,0.7142848111043305,1.042064386828329,0.12544627551359783,0.008565850099303884,,,,90d,LV_EF,hosp_rate,436.0,0.862746059802201,,,,
173,,,1.0871245081512066,1.6655506170448782,0.006381184068129332,2.3410992788797103e-07,,,,90d,EeRatio_avg,hosp_rate,346.0,1.3456080021149741,,,,
172,,,1.0655352504616684,1.620261527902333,0.010659572465579442,8.968422221644623e-06,,,,90d,TissueDopplerEERatioSeptal,hosp_rate,339.0,1.3139428347332383,,,,
172,,,1.168968602482495,1.700525726780482,0.00032723133713545766,5.304673367234614e-10,,,,90d,TissueDopplerEERatioLateral,hosp_rate,344.0,1.4099153103360886,,,,
199,,,1.0745050121452857,1.6927516769272586,0.009887401635879556,2.5986298890501303e-08,,,,90d,MitralInflowPeakEWave,hosp_rate,400.0,1.3486549451863796,,,,
105,,,1.0701992144353218,1.9541031604093673,0.01632031006754179,0.0002198557260707501,,,,90d,RVSystolicFunction_ord,hosp_rate,221.0,1.446125743908767,,,,
202,,,0.3053786430746307,1.0194058684198584,0.0577669460875723,0.0016772621489653528,,,,90d,LeftVentricleSystolicFunction_ord,hosp_rate,379.0,0.5579469337135673,,,,
208,166.0,,1.1205880294222146,1.567525886707456,0.0010031692393509526,0.0014134820819787786,,,,90d,TricuspidRegurgitation_ord,full_FU_Cox,,,1.3253492914902916,0.6804959209961357,0.6935916702447402,0.013095749248604571
147,130.0,,0.620869054972044,0.9898726800631245,0.04080517696638906,0.038152790806536774,,,,90d,TissueDopplerSVelocitySeptal,full_FU_Cox,,,0.7839523680769365,0.6801840667241875,0.6844022624868181,0.0042181957626306055
224,177.0,,0.608213455375862,0.8444108731655137,6.880737763464017e-05,9.418924398496564e-05,,,,90d,LV_EF,full_FU_Cox,,,0.7166463946221636,0.6575668486630267,0.6785197629380746,0.020952914275047863
173,137.0,,0.9635109077043521,1.3812734654230956,0.11984733454278801,0.12626881444993987,,,,90d,EeRatio_avg,full_FU_Cox,,,1.1536342793354153,0.6810291382517049,0.6833539987600744,0.002324860508369553
172,136.0,,0.9327696198892664,1.3366892497227891,0.22947695007027014,0.23511200841766255,,,,90d,TissueDopplerEERatioSeptal,full_FU_Cox,,,1.1166123424779053,0.6819216579009342,0.6824711515817569,0.000549493680822688
172,136.0,,0.9956885911495623,1.442480849112286,0.05558527522161375,0.062069940974655236,,,,90d,TissueDopplerEERatioLateral,full_FU_Cox,,,1.1984413729560728,0.6808477237048666,0.6847723704866562,0.003924646781789609
199,156.0,,0.9732980249194998,1.3678837659421423,0.09930565515441546,0.09888773449411836,,,,90d,MitralInflowPeakEWave,full_FU_Cox,,,1.153845122930688,0.6759938476100331,0.6800165641268339,0.004022716516800751
105,94.0,,1.0583510353614711,1.846096052021566,0.01829772528106361,0.018691672803275106,,,,90d,RVSystolicFunction_ord,full_FU_Cox,,,1.3977902804189721,0.7006232956758862,0.712115309700039,0.011492014024152786
202,162.0,,0.371310220025371,1.1020326352244736,0.10742378083269555,0.10419764895272443,,,,90d,LeftVentricleSystolicFunction_ord,full_FU_Cox,,,0.6396842817049194,0.6934194864818909,0.6926826503429122,-0.0007368361389786804
121,51.0,1.4895766857359536,0.9088780383589399,2.4412942210534854,0.11389726163963164,0.11206492975288695,0.7991596638655463,0.8148459383753501,0.015686274509803866,30d,TricuspidRegurgitation_ord,1y_mortality,,,,,,
82,32.0,0.9562196728415018,0.4782178175081497,1.9120075188614787,0.899235227622972,0.8991988173129333,0.7975,0.794375,-0.0031249999999999334,30d,TissueDopplerSVelocitySeptal,1y_mortality,,,,,,
128,53.0,0.8298324900986421,0.5196655676226296,1.3251252430936045,0.4347310290475681,0.4346690756014452,0.8050314465408804,0.809559748427673,0.004528301886792541,30d,LV_EF,1y_mortality,,,,,,
96,36.0,0.8186726974513453,0.4780671266883386,1.4019474423916933,0.46602614543093024,0.4620040502995979,0.7986111111111112,0.8069444444444445,0.008333333333333304,30d,EeRatio_avg,1y_mortality,,,,,,
96,36.0,0.6651062384393774,0.3701106415871246,1.1952272069616898,0.17268117799417537,0.15819556989844763,0.7986111111111112,0.8138888888888889,0.015277777777777724,30d,TissueDopplerEERatioSeptal,1y_mortality,,,,,,
95,36.0,1.053231041948711,0.6242391524669134,1.777036290243207,0.8459206550469816,0.8461501999007943,0.8107344632768362,0.8088512241054614,-0.0018832391713747842,30d,TissueDopplerEERatioLateral,1y_mortality,,,,,,
114,46.0,0.8337027189725413,0.5105664446971396,1.361351163675685,0.4672431802861067,0.46552041682370104,0.8001918158567776,0.7953964194373402,-0.004795396419437381,30d,MitralInflowPeakEWave,1y_mortality,,,,,,
62,35.0,1.2263370256283237,0.4737818644783494,3.1742508803767184,0.6741336874532454,0.671568754139176,0.873015873015873,0.8698412698412699,-0.0031746031746031633,30d,RVSystolicFunction_ord,1y_mortality,,,,,,
117,51.0,2.7910018660231213,0.6083195208301748,12.8052629406236,0.18667140041858676,0.17658419948916726,0.8265002970885323,0.8306595365418895,0.004159239453357166,30d,LeftVentricleSystolicFunction_ord,1y_mortality,,,,,,
128,,,1.1073278073215032,1.715425932170088,0.004066262163078395,5.011073699545676e-06,,,,30d,TricuspidRegurgitation_ord,hosp_rate,239.0,1.3782375833260205,,,,
82,,,0.6738551418774043,1.4181087846260425,0.9047749095055981,0.8414432326402539,,,,30d,TissueDopplerSVelocitySeptal,hosp_rate,175.0,0.977547899727566,,,,
135,,,0.5961212578856592,1.0106876125777344,0.059967787696354954,0.0016326563287746287,,,,30d,LV_EF,hosp_rate,255.0,0.7762038204874367,,,,
100,,,0.8480903699185103,1.480380445041545,0.4234000179767594,0.2078442487411658,,,,30d,EeRatio_avg,hosp_rate,188.0,1.1204893570469168,,,,
100,,,0.8235639853305448,1.33237552558631,0.7052233173749581,0.5921032751338231,,,,30d,TissueDopplerEERatioSeptal,hosp_rate,188.0,1.047519211188387,,,,
99,,,0.8985471030229386,1.715852338102524,0.1896139901999867,0.02642341951711391,,,,30d,TissueDopplerEERatioLateral,hosp_rate,186.0,1.241681983286042,,,,
120,,,0.9369557280366579,1.5774388821148306,0.141577261792595,0.010606930172130768,,,,30d,MitralInflowPeakEWave,hosp_rate,227.0,1.2157262834311156,,,,
65,,,0.7973161226239754,1.7667178916223776,0.3986608418280284,0.21677148477637087,,,,30d,RVSystolicFunction_ord,hosp_rate,140.0,1.1868583146773497,,,,
124,,,0.5017286483564523,2.036424739593905,0.9760031916471416,0.9658639443199076,,,,30d,LeftVentricleSystolicFunction_ord,hosp_rate,219.0,1.010807910572573,,,,
128,99.0,,0.998902043976674,1.555805825182938,0.05114688882575024,0.05673030171491533,,,,30d,TricuspidRegurgitation_ord,full_FU_Cox,,,1.2466345169319084,0.7032632342277012,0.710514865844815,0.007251631617113841
82,73.0,,0.5957397995438916,1.151145769253977,0.2617242335830898,0.260805698690285,,,,30d,TissueDopplerSVelocitySeptal,full_FU_Cox,,,0.828120371577202,0.6998152709359606,0.6967364532019704,-0.0030788177339902134
135,104.0,,0.5387917496312576,0.8706850266121202,0.0019952571054335823,0.0022327055568054366,,,,30d,LV_EF,full_FU_Cox,,,0.6849218268284947,0.6872947050321903,0.700302194192616,0.013007489160425711
100,76.0,,0.7566415345004146,1.2792575512929536,0.9032017917940177,0.9031905049408244,,,,30d,EeRatio_avg,full_FU_Cox,,,0.9838391111515862,0.706756109247724,0.706756109247724,0.0
100,76.0,,0.6939394436267128,1.1491676426891122,0.3791553039976139,0.3765496616818005,,,,30d,TissueDopplerEERatioSeptal,full_FU_Cox,,,0.893002102238009,0.706756109247724,0.706756109247724,0.0
99,75.0,,0.8909972346904943,1.6134328528618809,0.23090186276611513,0.23303474387359946,,,,30d,TissueDopplerEERatioLateral,full_FU_Cox,,,1.1989846580581134,0.7053921568627451,0.7149509803921569,0.00955882352941173
120,92.0,,0.8448875093286778,1.3360056783692698,0.6043834966979422,0.6030680507579047,,,,30d,MitralInflowPeakEWave,full_FU_Cox,,,1.0624380029189389,0.6874066699850672,0.6877385100381616,0.0003318400530943899
65,58.0,,0.8866981757720588,1.9095488934700389,0.17846703198486236,0.17303166823180172,,,,30d,RVSystolicFunction_ord,full_FU_Cox,,,1.3012276973640842,0.7551020408163265,0.7587650444793302,0.003663003663003761
124,96.0,,0.5887089185018579,2.5391627516736657,0.5898427188210889,0.5890285886458064,,,,30d,LeftVentricleSystolicFunction_ord,full_FU_Cox,,,1.2226314888133731,0.7121094357220581,0.7139748173480491,0.001865381625991036
574,229.0,1.3805468955952063,1.1209330079818118,1.7002887035765537,0.002412929776242006,0.0022456954059284495,0.7537624200999936,0.7626099613948484,0.008847541294854766,all_incl_post,TricuspidRegurgitation_ord,1y_mortality,,,,,,
439,163.0,0.727730320497272,0.5421190812646625,0.9768913098126422,0.03437956385286108,0.030278008839576986,0.7816084289143772,0.7903440917578021,0.008735662843424863,all_incl_post,TissueDopplerSVelocitySeptal,1y_mortality,,,,,,
614,238.0,0.5982023556473753,0.48607846327872634,0.7361899062309892,1.2220943307556397e-06,6.741001066234986e-07,0.7408926336492043,0.7666391024494905,0.025746468800286193,all_incl_post,LV_EF,1y_mortality,,,,,,
505,188.0,1.0564466881329997,0.848869568081298,1.3147833858502682,0.6227405365041574,0.6228446905964548,0.7822504866098395,0.7820826901134306,-0.00016779649640896732,all_incl_post,EeRatio_avg,1y_mortality,,,,,,
502,188.0,1.1112282065588017,0.8897120023183922,1.3878964472033677,0.3524907188695885,0.3518137706282156,0.7819995934408456,0.7823383927361431,0.0003387992952975649,all_incl_post,TissueDopplerEERatioSeptal,1y_mortality,,,,,,
502,186.0,0.9463802475530607,0.7633125435576352,1.1733536681897407,0.6153505932186926,0.6142938349693208,0.7836021505376344,0.7842997141690488,0.0006975636314143774,all_incl_post,TissueDopplerEERatioLateral,1y_mortality,,,,,,
559,214.0,1.1168961361121084,0.9159835704224322,1.361877023937074,0.2745539223721758,0.2743659993877007,0.7714750101584722,0.7721657862657457,0.0006907761072735275,all_incl_post,MitralInflowPeakEWave,1y_mortality,,,,,,
296,147.0,1.0487068038435294,0.7893834932118324,1.3932213808435714,0.7428062403031304,0.7427698773740454,0.7857827694836325,0.786056704561019,0.00027393507738648903,all_incl_post,RVSystolicFunction_ord,1y_mortality,,,,,,
549,223.0,1.2925886731634717,0.7371010148045357,2.2666981111585676,0.3704849058578602,0.3714520178267655,0.7767613964620761,0.7790585710748577,0.0022971746127815607,all_incl_post,LeftVentricleSystolicFunction_ord,1y_mortality,,,,,,
600,,,1.0574610480478928,1.3764980736985033,0.0052614041138511446,8.307919541206132e-08,,,,all_incl_post,TricuspidRegurgitation_ord,hosp_rate,1080.0,1.206479629189455,,,,
441,,,0.7716229012758419,1.0375337908147042,0.14097236281241957,0.007109542183443729,,,,all_incl_post,TissueDopplerSVelocitySeptal,hosp_rate,882.0,0.8947540633269929,,,,
641,,,0.7890192088909399,1.018169200707285,0.09234848962831867,0.0010177234585433403,,,,all_incl_post,LV_EF,hosp_rate,1165.0,0.8963007627237537,,,,
526,,,1.1799116867116792,1.537307919316301,1.0292331749140973e-05,0.0,,,,all_incl_post,EeRatio_avg,hosp_rate,976.0,1.346806437494163,,,,
523,,,1.1777238145369981,1.576672497528375,3.2106388566063535e-05,1.1102230246251565e-16,,,,all_incl_post,TissueDopplerEERatioSeptal,hosp_rate,969.0,1.3626755843063652,,,,
523,,,1.1249289892427894,1.4255246856933144,9.286897539321295e-05,2.4465984793664575e-12,,,,all_incl_post,TissueDopplerEERatioLateral,hosp_rate,974.0,1.2663388345216398,,,,
582,,,1.0834190635888088,1.4114538829226035,0.001647361521675508,1.8872570173300574e-11,,,,all_incl_post,MitralInflowPeakEWave,hosp_rate,1100.0,1.2366066650858694,,,,
304,,,1.0066016205468276,1.6343647808858393,0.04409560998943885,4.116140838839044e-06,,,,all_incl_post,RVSystolicFunction_ord,hosp_rate,532.0,1.2826356602731528,,,,
570,,,0.4787233759546352,0.9685738420483699,0.032550944192030654,0.0001321150530309012,,,,all_incl_post,LeftVentricleSystolicFunction_ord,hosp_rate,1017.0,0.6809397473541601,,,,
600,474.0,,1.1373691483368076,1.3901906552780854,7.687791053219009e-06,1.2041662495909655e-05,,,,all_incl_post,TricuspidRegurgitation_ord,full_FU_Cox,,,1.2574418323005738,0.6763108680423899,0.6868055243150839,0.01049465627269397
441,378.0,,0.6994057688289584,0.9086101343314981,0.0006848008355353402,0.0005082832017085925,,,,all_incl_post,TissueDopplerSVelocitySeptal,full_FU_Cox,,,0.7971744912927813,0.6929991151779356,0.6985886009020869,0.0055894857241513
641,502.0,,0.6741596331253069,0.8162104008136988,9.159815427630215e-10,1.804242200087458e-09,,,,all_incl_post,LV_EF,full_FU_Cox,,,0.7417924941421441,0.6539948782883717,0.6796715745004628,0.02567669621209112
526,412.0,,1.0678443164010223,1.3182679557282768,0.0014660458569276684,0.0018018066681801947,,,,all_incl_post,EeRatio_avg,full_FU_Cox,,,1.1864674222320792,0.6933871265370485,0.6927328848702421,-0.0006542416668063877
523,409.0,,1.0741734939859642,1.3319099870494058,0.0010980139844959682,0.0013703999195076033,,,,all_incl_post,TissueDopplerEERatioSeptal,full_FU_Cox,,,1.196119728314712,0.6936976716539579,0.6949034526094119,0.0012057809554539833
523,409.0,,1.0237758584485577,1.260664430489963,0.01628366185440204,0.018395634337726396,,,,all_incl_post,TissueDopplerEERatioLateral,full_FU_Cox,,,1.1360624144563642,0.6932978741482149,0.6915220826890071,-0.0017757914592078095
582,457.0,,1.0494534179616037,1.2729564803150553,0.003282413038425818,0.003441666170614699,,,,all_incl_post,MitralInflowPeakEWave,full_FU_Cox,,,1.1558150929897946,0.684568400005478,0.6858283460469193,0.0012599460414413066
304,262.0,,0.9506288324164043,1.2638567649425787,0.20656032428713234,0.2089799207931594,,,,all_incl_post,RVSystolicFunction_ord,full_FU_Cox,,,1.0961107064521072,0.6905195776095692,0.690426128399215,-9.344921035414622e-05
570,460.0,,0.7157321135036196,1.2637183814782937,0.7292650395540201,0.7290622405299245,,,,all_incl_post,LeftVentricleSystolicFunction_ord,full_FU_Cox,,,0.9510435468730297,0.6917536658531981,0.6915648665468607,-0.00018879930633741715
