term,coef,exp(coef),se(coef),coef lower 95%,coef upper 95%,exp(coef) lower 95%,exp(coef) upper 95%,cmp to,z,p,-log2(p),outcome,model_name,tier,sample_label
AgeAtFirstHFDate,0.04053392644144254,1.0413666389675131,0.004400187394604789,0.03190971762279002,0.04915813526009506,1.0324242913780792,1.050386440740346,0.0,9.21186367906569,3.2051096456726187e-20,64.75818818596957,survival,cox_regular,Model_B,own_complete_case
albumin-numeric result,-0.24560722377949798,0.7822294057044136,0.08393373267164642,-0.4101143169039378,-0.08110013065505817,0.6635743880306694,0.9221013562090641,0.0,-2.926203994052398,0.003431258623857913,8.187046414582456,survival,cox_regular,Model_B,own_complete_case
creatinine-numeric result,-0.09102852052955031,0.9129916715219923,0.0239533796468812,-0.13797628194545222,-0.04408075911364839,0.8711193527571042,0.9568766778401981,0.0,-3.8002370384257023,0.0001445577448874695,12.75606647421826,survival,cox_regular,Model_B,own_complete_case
AFIB_binary,0.165554512058138,1.1800472877725552,0.09206449737905734,-0.014888587059596559,0.3459976111758726,0.9852216999351276,1.4133992394514396,0.0,1.7982448910408981,0.07213820856248003,3.793092593238052,survival,cox_regular,Model_B,own_complete_case
LV_EF,-0.018862413303882174,0.9813143687568932,0.0029058853589050177,-0.02455784395053826,-0.01316698265722609,0.9757412465575945,0.9869193228492863,0.0,-6.491107175332554,8.52078333655354e-11,33.450222976712176,survival,cox_regular,Model_B,own_complete_case
m/f_m,-0.06684158899630994,0.9353433582818018,0.09856824282984099,-0.2600317949621967,0.12634861696957683,0.7710270706372754,1.1346776672299936,0.0,-0.6781249931755304,0.4976924451181015,1.0066736075577312,survival,cox_regular,Model_B,own_complete_case
AgeAtFirstHFDate,0.038170740629364895,1.0389086016445368,0.004979600269159291,0.028410903444406728,0.04793057781432306,1.0288183425802666,1.0490978221325786,0.0,7.665422637590403,1.7824327776023444e-14,45.67314566030846,survival,cox_regular,C_minimal,own_complete_case
albumin-numeric result,-0.27931032166937625,0.756305168912786,0.09620321659049562,-0.46786516138365386,-0.09075548195509861,0.626337972509523,0.913240987501362,0.0,-2.903336619796252,0.0036920955627762135,8.081344389815156,survival,cox_regular,C_minimal,own_complete_case
creatinine-numeric result,-0.08046924357397726,0.922683281587444,0.027229731249900586,-0.13383853613248725,-0.027099951015467284,0.8747312906988022,0.9732639579417074,0.0,-2.9551978620527537,0.003124685850445931,8.32207313321888,survival,cox_regular,C_minimal,own_complete_case
AFIB_binary,0.22447337363601705,1.2516633836594881,0.10498890149510287,0.018698907929191988,0.4302478393428421,1.0188748272973476,1.5376385636591117,0.0,2.138067647526414,0.03251125325178605,4.942917019311282,survival,cox_regular,C_minimal,own_complete_case
LV_EF,-0.01863612938494846,0.9815364495436691,0.003407842052679405,-0.025315377073201143,-0.011956881696695777,0.9750023701411923,0.9881143177562509,0.0,-5.46860127226139,4.536008675371677e-08,24.39400135958072,survival,cox_regular,C_minimal,own_complete_case
TissueDopplerEERatioSeptal,0.018384876704825557,1.018554919021078,0.00538416713621304,0.007832103031103837,0.02893765037854728,1.007862854179678,1.0293604122422408,0.0,3.4146184989637196,0.000638714035599331,10.612542225786067,survival,cox_regular,C_minimal,own_complete_case
m/f_m,0.012896895078841224,1.0129804187091103,0.11084997018122363,-0.204365054163696,0.23015884432137845,0.8151647375828519,1.2587999472729772,0.0,0.11634549885540493,0.9073787275565113,0.140223257116787,survival,cox_regular,C_minimal,own_complete_case
AgeAtFirstHFDate,0.03690011339786493,1.0375893743847784,0.0053782481480813505,0.026358940727706236,0.047441286068023614,1.0267094101643595,1.0485846327870425,0.0,6.860991233926007,6.8384360351054065e-12,37.08947072324346,survival,cox_regular,C_lite_supportive,own_complete_case
albumin-numeric result,-0.4986036998409819,0.607378150107033,0.11032147643950757,-0.7148298203837009,-0.28237757929826296,0.4892753694063867,0.7539889401647569,0.0,-4.519552456446507,6.197049221854677e-06,17.299987141946776,survival,cox_regular,C_lite_supportive,own_complete_case
creatinine-numeric result,-0.09257502637656362,0.911580815793219,0.0313513768703099,-0.1540225959081131,-0.031127456845014133,0.8572526503904919,0.9693520146525141,0.0,-2.952821713684709,0.0031488376688753165,8.310964900115133,survival,cox_regular,C_lite_supportive,own_complete_case
AFIB_binary,0.3061569191380125,1.3581954166809642,0.11486455850976061,0.08102652135878793,0.5312873169172371,1.0843996559377345,1.7011207812473699,0.0,2.6653732283487326,0.007690292036195177,7.022745899586726,survival,cox_regular,C_lite_supportive,own_complete_case
LV_EF,-0.019927554479541084,0.9802696868820728,0.003933625879248749,-0.027637319531523336,-0.012217789427558832,0.9727410970299755,0.9878565447207229,0.0,-5.065950624502929,4.0636724626738704e-07,21.23071254052644,survival,cox_regular,C_lite_supportive,own_complete_case
TissueDopplerEERatioSeptal,0.014049083838012946,1.0141482360045948,0.006052708560457534,0.0021859930505989025,0.02591217462542699,1.0021883840753447,1.0262508136533228,0.0,2.321123460296088,0.020280181552319258,5.6237856220755695,survival,cox_regular,C_lite_supportive,own_complete_case
EstimatedSysPAPressure,0.0030152515950991423,1.0030198020386178,0.004264337800623007,-0.005342696912034697,0.01137320010223298,0.9946715499096697,1.0114381208278769,0.0,0.7070855396724488,0.47951332161681537,1.0603571988023575,survival,cox_regular,C_lite_supportive,own_complete_case
m/f_m,-0.054253783456223316,0.9471916944148688,0.12403905341551645,-0.29736586082707556,0.1888582939146289,0.7427722113887197,1.207869777857087,0.0,-0.4373927562513673,0.6618265365551821,0.5954749558675639,survival,cox_regular,C_lite_supportive,own_complete_case
LACavitySize_Moderately dilated,0.13927116255353048,1.1494357416797523,0.13275272960206602,-0.12091940631590323,0.39946173142296415,0.8861053712115381,1.4910219113607814,0.0,1.0491020634453532,0.29413114653148054,1.7654685307668807,survival,cox_regular,C_lite_supportive,own_complete_case
LACavitySize_Normal,0.23562352809684697,1.265697720831484,0.20569806178075212,-0.16753726468312216,0.6387843208768161,0.8457451002784482,1.894176767906291,0.0,1.1454824904864276,0.2520093445416808,1.9884508648367958,survival,cox_regular,C_lite_supportive,own_complete_case
LACavitySize_Severely dilated,0.09727340980384115,1.1021616742370168,0.22342453568945567,-0.3406306334100759,0.5351774530177582,0.7113215981220217,1.7077512609824639,0.0,0.4353747877495618,0.6632904077426254,0.592287432576382,survival,cox_regular,C_lite_supportive,own_complete_case
AgeAtFirstHFDate,0.03760378019107806,1.0383197485123972,0.005494547040597499,0.026834665880145825,0.048372894502010294,1.0271979578530193,1.0495619582463316,0.0,6.843836245869846,7.710005141831662e-12,36.91640531636892,survival,cox_regular,C_full_exploratory,own_complete_case
albumin-numeric result,-0.532585465996769,0.5870851171538717,0.11260501869109914,-0.7532872471097829,-0.3118836848837551,0.47081631655645384,0.732066673696614,0.0,-4.729677879258389,2.2487635071173334e-06,18.762436622325385,survival,cox_regular,C_full_exploratory,own_complete_case
creatinine-numeric result,-0.08457996753164398,0.9188981704201449,0.03182544692124335,-0.1469566972891721,-0.02220323777411587,0.8633313611951866,0.9780414398853153,0.0,-2.657620731641233,0.00786943981064449,6.989523344122447,survival,cox_regular,C_full_exploratory,own_complete_case
AFIB_binary,0.2712115548491396,1.3115525063297087,0.11638641106280978,0.04309838087615833,0.49932472882212087,1.04404060342756,1.6476083125622358,0.0,2.330268219223428,0.01979197936444806,5.658940288532524,survival,cox_regular,C_full_exploratory,own_complete_case
LV_EF,-0.017218976699969756,0.9829284226447924,0.003967928501273509,-0.02499597365569583,-0.009441979744243685,0.9753138389697473,0.9906024557834128,0.0,-4.339538047231273,1.427825456086531e-05,16.095820845930568,survival,cox_regular,C_full_exploratory,own_complete_case
TissueDopplerEERatioSeptal,0.016962897901053164,1.0171075847989235,0.006346573084330933,0.004523843230513247,0.02940195257159308,1.0045340912569611,1.0298384575092243,0.0,2.672764919848303,0.007522894807051044,7.054496367420094,survival,cox_regular,C_full_exploratory,own_complete_case
EstimatedSysPAPressure,-0.003331150988991492,0.9966743911388681,0.004774027776272037,-0.012688073491678529,0.006025771513695544,0.9873920807536659,1.0060439629957458,0.0,-0.6977653137143528,0.48532397455625287,1.042979965221904,survival,cox_regular,C_full_exploratory,own_complete_case
m/f_m,-0.032241918883840766,0.9682723103863843,0.12567390141439913,-0.2785582394527004,0.2140744016850189,0.7568741865278988,1.2387148138344228,0.0,-0.2565522238187366,0.7975244605646807,0.3263993269889312,survival,cox_regular,C_full_exploratory,own_complete_case
LACavitySize_Moderately dilated,0.1490499036600466,1.160730912484644,0.1331928331022311,-0.11200325221918067,0.4101030595392739,0.8940413498772027,1.5069730850619902,0.0,1.1190534819966218,0.26311732346193806,1.926221857216447,survival,cox_regular,C_full_exploratory,own_complete_case
LACavitySize_Normal,0.32995961611298363,1.3909119568982578,0.2134410655270341,-0.08837718514185688,0.7482964173678242,0.9154155304609656,2.1133966023804924,0.0,1.5459050267493697,0.12212750638127641,3.033539924450235,survival,cox_regular,C_full_exploratory,own_complete_case
LACavitySize_Severely dilated,-0.006888396896226183,0.993135273727605,0.2273555278571362,-0.4524970431823061,0.43872024938985377,0.6360379528167325,1.550721411440996,0.0,-0.030297908131596683,0.9758294648775155,0.03529904922242311,survival,cox_regular,C_full_exploratory,own_complete_case
tricuspid_regurgitation_clin_grouped_Mild-to-mod,0.21042352627406805,1.2342006656896938,0.1756027226356491,-0.13375148567898074,0.5545985382271168,0.8748074397687111,1.7412418024149556,0.0,1.1982930737962827,0.23080294205199686,2.115266480709974,survival,cox_regular,C_full_exploratory,own_complete_case
tricuspid_regurgitation_clin_grouped_Moderate-to-Severe,0.392628161791848,1.4808676437703192,0.15725065765943272,0.08442253623412227,0.7008337873495738,1.0880885535303435,2.015432449179516,0.0,2.4968300141687587,0.01253090090470681,6.318366049334435,survival,cox_regular,C_full_exploratory,own_complete_case
tricuspid_regurgitation_clin_grouped_Trivial,-0.2253355779000955,0.7982482993199292,0.16578164195172293,-0.550261625423387,0.09959046962319595,0.5767988853858416,1.104718409677427,0.0,-1.3592311865611466,0.17407334179561812,2.5222328143798776,survival,cox_regular,C_full_exploratory,own_complete_case
