outcome,model_name,tier,term,estimate_log,se_log,IRR,ci_lower,ci_upper,p_value
hospitalization,negative_binomial,Model_B,const,-1.5766914702783341,0.2649535586147248,0.20665770152323193,0.12294718019335729,0.34736384788736013,2.667990939286824e-09
hospitalization,negative_binomial,Model_B,AgeAtFirstHFDate,0.02891130938245477,0.0026641884081181426,1.029333298220751,1.0239723252228508,1.034722338414196,0.0
hospitalization,negative_binomial,Model_B,albumin-numeric result,0.02214616436127404,0.05491110638890395,1.0223932110004124,0.9180718677092304,1.1385686836346833,0.6867206409710782
hospitalization,negative_binomial,Model_B,creatinine-numeric result,-0.07266437556334987,0.015661235864855065,0.929912879143405,0.901801907432282,0.9589001261473955,3.488140499108283e-06
hospitalization,negative_binomial,Model_B,AFIB_binary,-0.005357456806306338,0.06089003318459527,0.9946568687711045,0.8827599948394423,1.1207375644310673,0.9298879815860104
hospitalization,negative_binomial,Model_B,LV_EF,-0.007058351415831963,0.0019668477363338913,0.9929665002415697,0.989145961832043,0.9968017953344394,0.00033237963525922787
hospitalization,negative_binomial,Model_B,m/f_m,-0.05133502510109555,0.06435189004305568,0.9499603566493107,0.8373905339261449,1.0776628617644206,0.42503087194595945
hospitalization,poisson_robust,Model_B,const,-1.5766914702782096,0.5619469863802254,0.2066577015232577,0.0686930284146628,0.6217138272180148,0.00501972078368107
hospitalization,poisson_robust,Model_B,AgeAtFirstHFDate,0.028911309382455133,0.005737931128622102,1.0293332982207515,1.0178219126533607,1.0409748755201471,4.688769850158536e-07
hospitalization,poisson_robust,Model_B,albumin-numeric result,0.022146164361264573,0.10351151845712506,1.0223932110004026,0.8346553349880401,1.2523587091367385,0.8305869903127927
hospitalization,poisson_robust,Model_B,creatinine-numeric result,-0.072664375563349,0.03509412605221127,0.9299128791434059,0.8680995667823483,0.9961276285414705,0.038400248198084075
hospitalization,poisson_robust,Model_B,AFIB_binary,-0.005357456806299835,0.12459476193547335,0.9946568687711109,0.7791410451953373,1.2697858657228287,0.9657022885339537
hospitalization,poisson_robust,Model_B,LV_EF,-0.007058351415833984,0.00407655656676373,0.9929665002415677,0.9850642590864717,1.0009321336217873,0.08337164255206408
hospitalization,poisson_robust,Model_B,m/f_m,-0.0513350251011081,0.13517816031549762,0.9499603566492987,0.7288522668309824,1.2381448481033963,0.7041248570640508
hospitalization,zinb_intercept_inflation,Model_B,inflate_const,-17.19931189698912,738.9873545513174,3.391827450070864e-08,0.0,inf,0.9814315813367578
hospitalization,zinb_intercept_inflation,Model_B,const,-0.6841565945153553,0.6151315419929962,0.5045155613775797,0.15109984782451893,1.6845546526806687,0.2660470711284195
hospitalization,zinb_intercept_inflation,Model_B,AgeAtFirstHFDate,0.03391571533540668,0.006335205135698045,1.0344974107862384,1.0217314756434208,1.0474228487964488,8.625438163711863e-08
hospitalization,zinb_intercept_inflation,Model_B,albumin-numeric result,0.02843946465747043,0.13611599550553005,1.0288477272997825,0.7879285336825748,1.343431035582177,0.8344985845202313
hospitalization,zinb_intercept_inflation,Model_B,creatinine-numeric result,-0.06787174154518746,0.03235969722821318,0.9343803080666759,0.8769575002920882,0.9955631371098188,0.03595678009089043
hospitalization,zinb_intercept_inflation,Model_B,AFIB_binary,-0.003073062883091035,0.1442012024077026,0.9969316541415091,0.7514824528203327,1.3225494744412143,0.9829976185643536
hospitalization,zinb_intercept_inflation,Model_B,LV_EF,-0.01713536344967246,0.004818747463682023,0.9830106119210278,0.973770033475151,0.9923388787194714,0.00037657455638950843
hospitalization,zinb_intercept_inflation,Model_B,m/f_m,-0.2726318792949863,0.1573191845403439,0.7613730132177532,0.5593513439491395,1.036359117622842,0.08309823066681288
hospitalization,negative_binomial,C_minimal,const,-1.2039603193236408,0.70261101346282,0.30000374552406994,0.07569237079554647,1.1890530892680984,0.08661108465611367
hospitalization,negative_binomial,C_minimal,AgeAtFirstHFDate,0.030965016209538523,0.006630576259881335,1.0314494192449832,1.0181315021396449,1.0449415446089325,3.0114996858454646e-06
hospitalization,negative_binomial,C_minimal,albumin-numeric result,-0.1550173683330205,0.14437542225587233,0.8564003031087791,0.6453301736982017,1.1365057904572804,0.2829525733617695
hospitalization,negative_binomial,C_minimal,creatinine-numeric result,-0.03944135693362503,0.03549156955644119,0.9613263274612548,0.8967260833736409,1.0305803801238116,0.2664443837665902
hospitalization,negative_binomial,C_minimal,AFIB_binary,0.039618802073672424,0.1516683793288187,1.040414094895033,0.7728647437792139,1.4005833460110326,0.7939229165285486
hospitalization,negative_binomial,C_minimal,LV_EF,-0.010891473418000886,0.005502104755725359,0.9891676239316114,0.978557628895502,0.9998926576648216,0.04775857331891675
hospitalization,negative_binomial,C_minimal,TissueDopplerEERatioSeptal,0.026545590489410218,0.007796635445391098,1.0269010631165385,1.0113278648242574,1.0427140694013473,0.000662247770089941
hospitalization,negative_binomial,C_minimal,m/f_m,-0.05595510241971267,0.16817524649111323,0.9455815892626844,0.6800570511765177,1.3147787239404158,0.7393463944132364
hospitalization,poisson_robust,C_minimal,const,-2.125698962538601,0.6286007837711549,0.1193495182636377,0.034813275024156064,0.4091630994176394,0.0007205558722469529
hospitalization,poisson_robust,C_minimal,AgeAtFirstHFDate,0.02370460702358409,0.0064921553626467185,1.0239877944087614,1.0110404837522107,1.0371009073807795,0.00026094752498839746
hospitalization,poisson_robust,C_minimal,albumin-numeric result,-0.07382983148223418,0.1144892531217436,0.9288297379736057,0.7421315446737177,1.1624956361657135,0.5190162639885281
hospitalization,poisson_robust,C_minimal,creatinine-numeric result,-0.03430519768383916,0.03551461594410566,0.9662765542644012,0.9013029458907834,1.0359340148370326,0.33407125247322256
hospitalization,poisson_robust,C_minimal,AFIB_binary,0.10698512388848525,0.1361500023717038,1.1129176984683922,0.852255528737602,1.453303336616461,0.4319913285872534
hospitalization,poisson_robust,C_minimal,LV_EF,-0.0031178966444381367,0.004563950963509343,0.9968869589475823,0.9880092286560376,1.0058444598453558,0.49450741976476653
hospitalization,poisson_robust,C_minimal,TissueDopplerEERatioSeptal,0.030737969401935912,0.007614334528253366,1.0312152585308672,1.01593957476032,1.0467206277280432,5.4172376095174e-05
hospitalization,poisson_robust,C_minimal,m/f_m,0.11620692841691038,0.1394134880682782,1.1232282759359185,0.85466687299414,1.4761795498661219,0.40453940096822705
hospitalization,zinb_intercept_inflation,C_minimal,inflate_const,-22.908970625146235,11729.45169875452,1.1239848860363563e-10,0.0,inf,0.9984416405119378
hospitalization,zinb_intercept_inflation,C_minimal,const,-1.2039630886394515,0.7026115003893691,0.3000029147201046,0.07569208894100724,1.1890509312103115,0.08661057849232567
hospitalization,zinb_intercept_inflation,C_minimal,AgeAtFirstHFDate,0.030965026182291702,0.006630577677153789,1.0314494295313736,1.0181315094649983,1.0449415579325716,3.011492270221794e-06
hospitalization,zinb_intercept_inflation,C_minimal,albumin-numeric result,-0.1550174404403383,0.14437578845907906,0.8564002413560525,0.6453296639742961,1.1365065242435803,0.2829535704472512
hospitalization,zinb_intercept_inflation,C_minimal,creatinine-numeric result,-0.03944130316305296,0.035491593392107224,0.9613263791523228,0.8967260896979511,1.0305804836852703,0.2664453568267957
hospitalization,zinb_intercept_inflation,C_minimal,AFIB_binary,0.03961844376878626,0.15166898444136312,1.0404137221096459,0.7728635502254243,1.4005845052963384,0.7939255418906905
hospitalization,zinb_intercept_inflation,C_minimal,LV_EF,-0.010891441450030698,0.005502102790487025,0.989167655553293,0.9785576639472777,0.999892685777907,0.04775914729389519
hospitalization,zinb_intercept_inflation,C_minimal,TissueDopplerEERatioSeptal,0.02654560922990053,0.0077966360795563286,1.0269010823611682,1.0113278825199936,1.0427140902383762,0.0006622426129354597
hospitalization,zinb_intercept_inflation,C_minimal,m/f_m,-0.055954399352191306,0.16817474803663532,0.9455822540706224,0.6800581936993683,1.3147783638182926,0.7393488059554414
hospitalization,negative_binomial,C_lite_supportive,const,-2.006662495772747,,0.13443660951334174,,,
hospitalization,negative_binomial,C_lite_supportive,AgeAtFirstHFDate,0.021226802290588292,,1.021453693405488,,,
hospitalization,negative_binomial,C_lite_supportive,albumin-numeric result,-0.062134496389621915,,0.9397564844366688,,,
hospitalization,negative_binomial,C_lite_supportive,creatinine-numeric result,-0.0580726580970739,,0.9435813861181115,,,
hospitalization,negative_binomial,C_lite_supportive,AFIB_binary,0.1135300548340348,,1.1202255565796242,,,
hospitalization,negative_binomial,C_lite_supportive,LV_EF,-0.00428562384889696,,0.9957235463323306,,,
hospitalization,negative_binomial,C_lite_supportive,TissueDopplerEERatioSeptal,0.03339837001393186,,1.0339623568064606,,,
hospitalization,negative_binomial,C_lite_supportive,EstimatedSysPAPressure,0.003001982874249013,,1.0030064933371525,,,
hospitalization,negative_binomial,C_lite_supportive,m/f_m,0.22740275189939324,,1.255335354839079,,,
hospitalization,negative_binomial,C_lite_supportive,LACavitySize_Moderately dilated,-0.17588357598733978,,0.8387156242915487,,,
hospitalization,negative_binomial,C_lite_supportive,LACavitySize_Normal,0.22904006275093816,,1.2573924125998377,,,
hospitalization,negative_binomial,C_lite_supportive,LACavitySize_Severely dilated,-0.3924649093043948,,0.6753900458432798,,,
hospitalization,poisson_robust,C_lite_supportive,const,-2.0066624957726598,0.8687269285311996,0.13443660951335346,0.024493015696281907,0.7378920669286724,0.020894318096825737
hospitalization,poisson_robust,C_lite_supportive,AgeAtFirstHFDate,0.02122680229058856,0.007311595610560626,1.0214536934054885,1.0069199075708386,1.0361972585176153,0.003694064962739718
hospitalization,poisson_robust,C_lite_supportive,albumin-numeric result,-0.06213449638963291,0.14219199319773643,0.9397564844366585,0.7111792273783626,1.2417998389749043,0.6621287128356825
hospitalization,poisson_robust,C_lite_supportive,creatinine-numeric result,-0.05807265809707468,0.04316414626688538,0.9435813861181108,0.8670363431660763,1.0268840968965407,0.17849896882890803
hospitalization,poisson_robust,C_lite_supportive,AFIB_binary,0.11353005483402842,0.1499230764272977,1.1202255565796169,0.8350036566131249,1.5028740145931327,0.44889688292214425
hospitalization,poisson_robust,C_lite_supportive,LV_EF,-0.004285623848897579,0.005433151207883392,0.99572354633233,0.9851763678175574,1.006383641659012,0.43023383979607965
hospitalization,poisson_robust,C_lite_supportive,TissueDopplerEERatioSeptal,0.03339837001393128,0.008666804478007996,1.03396235680646,1.0165468405359368,1.0516762363150305,0.00011639521438167044
hospitalization,poisson_robust,C_lite_supportive,EstimatedSysPAPressure,0.003001982874248787,0.005676992659456746,1.0030064933371523,0.9919079952341409,1.0142291729779014,0.5969455229911607
hospitalization,poisson_robust,C_lite_supportive,m/f_m,0.2274027518993894,0.16815433443218591,1.2553353548390742,0.9028672524840211,1.7454026035093504,0.17626482586306902
hospitalization,poisson_robust,C_lite_supportive,LACavitySize_Moderately dilated,-0.17588357598733187,0.19163552318539043,0.8387156242915553,0.576091255336797,1.22106331577542,0.3587222357066888
hospitalization,poisson_robust,C_lite_supportive,LACavitySize_Normal,0.22904006275093497,0.2440794524340163,1.2573924125998337,0.7793027541390378,2.028782358161091,0.3480475056340291
hospitalization,poisson_robust,C_lite_supportive,LACavitySize_Severely dilated,-0.3924649093043788,0.25939149249529353,0.6753900458432907,0.40621519023079117,1.1229312073855229,0.13027419354430458
hospitalization,zinb_intercept_inflation,C_lite_supportive,inflate_const,-458.2311254153331,,9.834466285112311e-200,,,
hospitalization,zinb_intercept_inflation,C_lite_supportive,const,-0.9852602317749595,,0.3733420588274588,,,
hospitalization,zinb_intercept_inflation,C_lite_supportive,AgeAtFirstHFDate,0.02628938985798641,,1.0266380041151384,,,
hospitalization,zinb_intercept_inflation,C_lite_supportive,albumin-numeric result,-0.1657322091336158,,0.8472730958086998,,,
hospitalization,zinb_intercept_inflation,C_lite_supportive,creatinine-numeric result,-0.05704097919225318,,0.9445553614576684,,,
hospitalization,zinb_intercept_inflation,C_lite_supportive,AFIB_binary,0.055637115007514705,,1.057213967035823,,,
hospitalization,zinb_intercept_inflation,C_lite_supportive,LV_EF,-0.011695657461633998,,0.9883724708795184,,,
hospitalization,zinb_intercept_inflation,C_lite_supportive,TissueDopplerEERatioSeptal,0.02781129320450678,,1.0282016374768832,,,
hospitalization,zinb_intercept_inflation,C_lite_supportive,EstimatedSysPAPressure,0.0045143413734966865,,1.004524546363005,,,
hospitalization,zinb_intercept_inflation,C_lite_supportive,m/f_m,0.1368457664444972,,1.146651282777168,,,
hospitalization,zinb_intercept_inflation,C_lite_supportive,LACavitySize_Moderately dilated,-0.21727667217661814,,0.8047072983832134,,,
hospitalization,zinb_intercept_inflation,C_lite_supportive,LACavitySize_Normal,0.3948380522197158,,1.4841438176605888,,,
hospitalization,zinb_intercept_inflation,C_lite_supportive,LACavitySize_Severely dilated,-0.6235318028760773,,0.5360478749968448,,,
hospitalization,negative_binomial,C_full_exploratory,const,-1.930120575815451,,0.14513069817630844,,,
hospitalization,negative_binomial,C_full_exploratory,AgeAtFirstHFDate,0.021197564287932683,,1.0214238285762838,,,
hospitalization,negative_binomial,C_full_exploratory,albumin-numeric result,-0.07637691955831244,,0.9264669372315245,,,
hospitalization,negative_binomial,C_full_exploratory,creatinine-numeric result,-0.05292122904466686,,0.9484547202242617,,,
hospitalization,negative_binomial,C_full_exploratory,AFIB_binary,0.09633547447802587,,1.1011284025147643,,,
hospitalization,negative_binomial,C_full_exploratory,LV_EF,-0.002060415556926697,,0.9979417056421063,,,
hospitalization,negative_binomial,C_full_exploratory,TissueDopplerEERatioSeptal,0.03541592101224382,,1.0360505343857032,,,
hospitalization,negative_binomial,C_full_exploratory,EstimatedSysPAPressure,-0.0019151206142150924,,0.9980867120591516,,,
hospitalization,negative_binomial,C_full_exploratory,m/f_m,0.24100291931097104,,1.2725247501982708,,,
hospitalization,negative_binomial,C_full_exploratory,LACavitySize_Moderately dilated,-0.16218327087972906,,0.8502853577140478,,,
hospitalization,negative_binomial,C_full_exploratory,LACavitySize_Normal,0.29474311084129884,,1.3427813683999938,,,
hospitalization,negative_binomial,C_full_exploratory,LACavitySize_Severely dilated,-0.44611407418144033,,0.6401107477870491,,,
hospitalization,negative_binomial,C_full_exploratory,tricuspid_regurgitation_clin_grouped_Mild-to-mod,0.04672226824237543,,1.0478309527315355,,,
hospitalization,negative_binomial,C_full_exploratory,tricuspid_regurgitation_clin_grouped_Moderate-to-Severe,0.2819504859022632,,1.3257130768748164,,,
hospitalization,negative_binomial,C_full_exploratory,tricuspid_regurgitation_clin_grouped_Trivial,-0.16270583541179903,,0.8498411448190284,,,
hospitalization,poisson_robust,C_full_exploratory,const,-1.9301205758153448,0.9247297341430673,0.14513069817632385,0.023692639356950478,0.8890068867303373,0.036867648563903455
hospitalization,poisson_robust,C_full_exploratory,AgeAtFirstHFDate,0.021197564287932773,0.007379245927324237,1.021423828576284,1.0067569682653326,1.036304361896871,0.004071192635668908
hospitalization,poisson_robust,C_full_exploratory,albumin-numeric result,-0.0763769195583231,0.1488394432513148,0.9264669372315146,0.6920464313208667,1.2402939267310145,0.6078465897815897
hospitalization,poisson_robust,C_full_exploratory,creatinine-numeric result,-0.05292122904466746,0.04336869453256428,0.9484547202242611,0.8711650107274399,1.032601568289027,0.22236505357707959
hospitalization,poisson_robust,C_full_exploratory,AFIB_binary,0.09633547447801907,0.15018134834122954,1.101128402514757,0.8203534719340076,1.478001617968696,0.5212232264639032
hospitalization,poisson_robust,C_full_exploratory,LV_EF,-0.0020604155569273804,0.005465963270984733,0.9979417056421056,0.9873075339143027,1.0086904167656408,0.7062079481392292
hospitalization,poisson_robust,C_full_exploratory,TissueDopplerEERatioSeptal,0.03541592101224324,0.009118729246369297,1.0360505343857025,1.0176979976503633,1.0547340294263539,0.00010280865049727694
hospitalization,poisson_robust,C_full_exploratory,EstimatedSysPAPressure,-0.0019151206142153064,0.006197893341669859,0.9980867120591513,0.9860354303927479,1.0102852839600904,0.7573250159309677
hospitalization,poisson_robust,C_full_exploratory,m/f_m,0.2410029193109667,0.1716786894415067,1.2725247501982653,0.9089298940881079,1.7815667087193279,0.16037776323266062
hospitalization,poisson_robust,C_full_exploratory,LACavitySize_Moderately dilated,-0.16218327087972026,0.18923342345364508,0.8502853577140552,0.5867943971808051,1.232092864240744,0.3914150173205784
hospitalization,poisson_robust,C_full_exploratory,LACavitySize_Normal,0.294743110841294,0.24302140743477746,1.3427813683999874,0.8339524874497962,2.1620677801871615,0.2251956770379553
hospitalization,poisson_robust,C_full_exploratory,LACavitySize_Severely dilated,-0.4461140741814332,0.28619377033550114,0.6401107477870538,0.3652936004171874,1.121677929655902,0.11904767446549491
hospitalization,poisson_robust,C_full_exploratory,tricuspid_regurgitation_clin_grouped_Mild-to-mod,0.04672226824237216,0.22257403781820156,1.047830952731532,0.6773800120615024,1.6208770349760218,0.8337317736446288
hospitalization,poisson_robust,C_full_exploratory,tricuspid_regurgitation_clin_grouped_Moderate-to-Severe,0.28195048590225946,0.20693688932080456,1.3257130768748113,0.883692774272382,1.9888305227390688,0.1730417074857642
hospitalization,poisson_robust,C_full_exploratory,tricuspid_regurgitation_clin_grouped_Trivial,-0.16270583541180625,0.19636730487744802,0.8498411448190222,0.5783443925012313,1.2487887507714857,0.4073426453753317
hospitalization,zinb_intercept_inflation,C_full_exploratory,inflate_const,-131507.34467569253,,0.0,,,
hospitalization,zinb_intercept_inflation,C_full_exploratory,const,201.85619642141643,,4.624153517334019e+87,,,
hospitalization,zinb_intercept_inflation,C_full_exploratory,AgeAtFirstHFDate,6.031085968164122,,416.16672788995,,,
hospitalization,zinb_intercept_inflation,C_full_exploratory,albumin-numeric result,888.3214742234659,,inf,,,
hospitalization,zinb_intercept_inflation,C_full_exploratory,creatinine-numeric result,-391.9603304592245,,5.940067178113408e-171,,,
hospitalization,zinb_intercept_inflation,C_full_exploratory,AFIB_binary,-1332.9959923480214,,0.0,,,
hospitalization,zinb_intercept_inflation,C_full_exploratory,LV_EF,-9.958416659471931,,4.732761247821653e-05,,,
hospitalization,zinb_intercept_inflation,C_full_exploratory,TissueDopplerEERatioSeptal,-1.980965321192451,,0.13793602045896103,,,
hospitalization,zinb_intercept_inflation,C_full_exploratory,EstimatedSysPAPressure,4.412953558896619,,82.51281040285005,,,
hospitalization,zinb_intercept_inflation,C_full_exploratory,m/f_m,717.7002226551514,,inf,,,
hospitalization,zinb_intercept_inflation,C_full_exploratory,LACavitySize_Moderately dilated,-270.78019239467704,,2.521486424496646e-118,,,
hospitalization,zinb_intercept_inflation,C_full_exploratory,LACavitySize_Normal,1245.919623069742,,inf,,,
hospitalization,zinb_intercept_inflation,C_full_exploratory,LACavitySize_Severely dilated,-225.99097685546354,,7.134536953655723e-99,,,
hospitalization,zinb_intercept_inflation,C_full_exploratory,tricuspid_regurgitation_clin_grouped_Mild-to-mod,1389.1575697111593,,inf,,,
hospitalization,zinb_intercept_inflation,C_full_exploratory,tricuspid_regurgitation_clin_grouped_Moderate-to-Severe,-806.1676968808774,,0.0,,,
hospitalization,zinb_intercept_inflation,C_full_exploratory,tricuspid_regurgitation_clin_grouped_Trivial,-410.53502934677726,,5.092161003752578e-179,,,
hospitalization,negative_binomial,Model_B,const,-0.11878580323519906,0.6194549802443298,0.8879979866885163,0.2637067563729459,2.99021699409047,0.8479313223968665
hospitalization,negative_binomial,Model_B,AgeAtFirstHFDate,0.022219920691010912,0.006675668575489921,1.0224686217521797,1.0091774673368192,1.035934824453308,0.0008731698480057837
hospitalization,negative_binomial,Model_B,albumin-numeric result,-0.10623550033860894,0.1447117512637524,0.8992128582060208,0.6771445368199838,1.194108082390097,0.4628768285410816
hospitalization,negative_binomial,Model_B,creatinine-numeric result,-0.059781751756789056,0.03354891352689197,0.941970094470057,0.8820225801115905,1.005991999392656,0.07476095738899291
hospitalization,negative_binomial,Model_B,AFIB_binary,-0.1844495521442561,0.14580062274852068,0.8315618893555015,0.6248655497850494,1.1066303400249256,0.20584240491482997
hospitalization,negative_binomial,Model_B,LV_EF,-0.011825961644948587,0.0050037776967337775,0.9882436902024025,0.9785989570053164,0.9979834785574541,0.018107786388070535
hospitalization,negative_binomial,Model_B,m/f_m,-0.017966793965311322,0.16206576411336843,0.9821936465731025,0.7148977942379442,1.3494297606511843,0.9117264682280033
hospitalization,poisson_robust,Model_B,const,-1.4673926393370462,0.5929862716673613,0.23052576608653713,0.0721040018691487,0.7370205183094404,0.013339251937027452
hospitalization,poisson_robust,Model_B,AgeAtFirstHFDate,0.024640501994581347,0.005956445660079596,1.024946588030992,1.0130502898445897,1.036982585018094,3.522143477718842e-05
hospitalization,poisson_robust,Model_B,albumin-numeric result,-0.002776230428534296,0.10705365123441267,0.997227619735357,0.8084783430951501,1.2300427513690457,0.9793107184147027
hospitalization,poisson_robust,Model_B,creatinine-numeric result,-0.0583803194573919,0.03641273360825363,0.9432911272382981,0.8783156169535566,1.013073357175146,0.10886974757379742
hospitalization,poisson_robust,Model_B,AFIB_binary,-0.07452552811566303,0.13163333867283974,0.928183778973673,0.7171093985026783,1.2013859103627835,0.5712850338376991
hospitalization,poisson_robust,Model_B,LV_EF,-0.005562148636216486,0.004286417637156305,0.9944532914725187,0.9861335106522949,1.0028432643632368,0.1944173540358738
hospitalization,poisson_robust,Model_B,m/f_m,0.01869290983387145,0.14423711782566387,1.0188687160073417,0.767964446055663,1.351746771338431,0.8968841135469534
hospitalization,zinb_intercept_inflation,Model_B,inflate_const,-22.382753652241888,11460.06656299953,1.9023639132300146e-10,0.0,inf,0.9984416458565011
hospitalization,zinb_intercept_inflation,Model_B,const,-0.1187870210910748,0.619464227301617,0.887996905235609,0.26370165578294424,2.9902675482518544,0.8479320246654103
hospitalization,zinb_intercept_inflation,Model_B,AgeAtFirstHFDate,0.022219918379803902,0.006675719647249339,1.0224686193890429,1.0091773639850876,1.0359349257568007,0.0008732507590789584
hospitalization,zinb_intercept_inflation,Model_B,albumin-numeric result,-0.10623562118180147,0.14471111503171982,0.8992127495422748,0.6771452994013538,1.194106449020949,0.46287435269707
hospitalization,zinb_intercept_inflation,Model_B,creatinine-numeric result,-0.05978182268859026,0.033548907287691915,0.9419700276544238,0.8820225283342478,1.0059919157337278,0.07476055851418417
hospitalization,zinb_intercept_inflation,Model_B,AFIB_binary,-0.1844490235720369,0.1458013376777013,0.8315623288961308,0.6248650044720113,1.1066324756391923,0.20584592783913847
hospitalization,zinb_intercept_inflation,Model_B,LV_EF,-0.011825949977862495,0.005003791576699345,0.9882437017323268,0.9785989418001919,0.9979835173508876,0.01810822070400042
hospitalization,zinb_intercept_inflation,Model_B,m/f_m,-0.017965064212376005,0.16206782417092577,0.982195345526915,0.7148961442844229,1.3494375434635513,0.9117360493641415
hospitalization,negative_binomial,C_minimal,const,-1.041738281966158,0.7147200596936668,0.35284081175360443,0.08693543181040263,1.4320586652224503,0.14496536907339652
hospitalization,negative_binomial,C_minimal,AgeAtFirstHFDate,0.020155502699005474,0.006971871331410809,1.0203599964240884,1.0065117447074006,1.0343987815117148,0.003840491998563955
hospitalization,negative_binomial,C_minimal,albumin-numeric result,-0.1552886587438475,0.15012741949140312,0.8561680014307499,0.6379225481140732,1.1490793809389623,0.30095899075451604
hospitalization,negative_binomial,C_minimal,creatinine-numeric result,-0.03943080069666398,0.03743584297511375,0.9613364755033268,0.8933247941950739,1.034526104210368,0.2922080804755216
hospitalization,negative_binomial,C_minimal,AFIB_binary,-0.08211023969254491,0.1538592814207329,0.9211704035566782,0.681353218370544,1.2453964984829635,0.593569162504429
hospitalization,negative_binomial,C_minimal,LV_EF,-0.005778382629000756,0.005796761421640393,0.9942382801138862,0.983006019733054,1.0055988852563273,0.3188472899759085
hospitalization,negative_binomial,C_minimal,TissueDopplerEERatioSeptal,0.030707473418747546,0.008293981066441847,1.0311838110871923,1.0145561949596504,1.0480839381110831,0.00021358600573417874
hospitalization,negative_binomial,C_minimal,m/f_m,0.11788046507258218,0.17327683337706032,1.1251096134329233,0.8011219243358488,1.5801235789279178,0.49631366478973593
hospitalization,poisson_robust,C_minimal,const,-2.1333422545806497,0.6567085962951047,0.11844077236966775,0.03269637369783413,0.42904502771977765,0.0011600007093610643
hospitalization,poisson_robust,C_minimal,AgeAtFirstHFDate,0.020255862943423898,0.0066891922281985304,1.02046240514152,1.0071706329217756,1.0339295907450219,0.00246057684944323
hospitalization,poisson_robust,C_minimal,albumin-numeric result,-0.06765944705081928,0.12049396433771217,0.9345786929189854,0.7379880719713452,1.1835385508670841,0.5744449314557829
hospitalization,poisson_robust,C_minimal,creatinine-numeric result,-0.026649495604296258,0.03653828927315422,0.9737024687154205,0.9064090882361656,1.045991826303795,0.46578266838881865
hospitalization,poisson_robust,C_minimal,AFIB_binary,0.06805222198943303,0.14358724800875303,1.0704212065441445,0.8078500784839033,1.418334403791548,0.6355403018221448
hospitalization,poisson_robust,C_minimal,LV_EF,-0.0016381159343007029,0.0047578672504441895,0.9983632250452797,0.9890963447789709,1.0077169270558237,0.7306234912125145
hospitalization,poisson_robust,C_minimal,TissueDopplerEERatioSeptal,0.032034122791946916,0.008200500581458067,1.0325527382862538,1.0160892010914708,1.0492830316444455,9.369616321786012e-05
hospitalization,poisson_robust,C_minimal,m/f_m,0.1676923127463101,0.14757402423118166,1.1825726921202087,0.8855443177384941,1.5792300217338369,0.25581983547950715
hospitalization,zinb_intercept_inflation,C_minimal,inflate_const,-20.062450520629646,3248.2853395103084,1.9363704454042264e-09,0.0,inf,0.9950720407609517
hospitalization,zinb_intercept_inflation,C_minimal,const,-1.0417317675469648,0.7147193945841684,0.3528431103140475,0.08693611147720465,1.4320661274197388,0.1449675089591933
hospitalization,zinb_intercept_inflation,C_minimal,AgeAtFirstHFDate,0.020155434471342056,0.006971876233937028,1.0203599268073122,1.0065116663639366,1.0343987208765923,0.0038406364327734366
hospitalization,zinb_intercept_inflation,C_minimal,albumin-numeric result,-0.15528924565881555,0.15012735924550347,0.8561674989330822,0.6379222490349984,1.1490785708418103,0.3009569698551897
hospitalization,zinb_intercept_inflation,C_minimal,creatinine-numeric result,-0.03943042233574077,0.03743586900730307,0.961336839235552,0.8933250866141234,1.0345265484194348,0.29221304683532834
hospitalization,zinb_intercept_inflation,C_minimal,AFIB_binary,-0.08210997867563768,0.15385910476113882,0.9211706439977594,0.681353632135842,1.2453963923304803,0.5935699124143408
hospitalization,zinb_intercept_inflation,C_minimal,LV_EF,-0.005778419374718213,0.005796762744618532,0.994238243579888,0.9830059810628222,1.0055988509124307,0.31884432299809706
hospitalization,zinb_intercept_inflation,C_minimal,TissueDopplerEERatioSeptal,0.03070746856523444,0.00829398471331459,1.0311838060823282,1.0145561827835725,1.0480839405157623,0.00021358786943270758
hospitalization,zinb_intercept_inflation,C_minimal,m/f_m,0.11788074759446568,0.17327649927621552,1.1251099313010553,0.8011226752754786,1.5801229906230967,0.49631180222496973
hospitalization,negative_binomial,C_lite_supportive,const,-0.6491824017443198,0.8906800439708741,0.5224727750102067,0.09118040267635209,2.9938209594863276,0.4660863812365492
hospitalization,negative_binomial,C_lite_supportive,AgeAtFirstHFDate,0.016805749059975356,0.007908608150556422,1.0169477600791845,1.0013057288074123,1.0328341454330998,0.033587069325762275
hospitalization,negative_binomial,C_lite_supportive,albumin-numeric result,-0.14569137742128044,0.17751207526615032,0.8644244429222556,0.6104157204861224,1.22413232890918,0.4117940065982859
hospitalization,negative_binomial,C_lite_supportive,creatinine-numeric result,-0.07769436850208591,0.04813552675541798,0.9252471680118893,0.8419454938814411,1.0167906689154047,0.10651107749504085
hospitalization,negative_binomial,C_lite_supportive,AFIB_binary,-0.10287957080174244,0.1807164246369942,0.9022356224517822,0.6331273051420053,1.2857273913314713,0.5691611639423722
hospitalization,negative_binomial,C_lite_supportive,LV_EF,-0.007453190605546578,0.006608552715451001,0.9925745155437533,0.9798008385620243,1.005514723127633,0.25940024800844896
hospitalization,negative_binomial,C_lite_supportive,TissueDopplerEERatioSeptal,0.03313393054178137,0.010020622979163209,1.0336889724949978,1.0135849577583453,1.0541917415792144,0.0009444443016690673
hospitalization,negative_binomial,C_lite_supportive,EstimatedSysPAPressure,0.0009108254536897475,0.006436322205333268,1.0009112403811593,0.9883638635694508,1.013617907380073,0.8874644221625334
hospitalization,negative_binomial,C_lite_supportive,m/f_m,0.2664477221271659,0.20136738063300857,1.30531934823271,0.8796489743142286,1.9369756012038655,0.18577151096629585
hospitalization,negative_binomial,C_lite_supportive,LACavitySize_Moderately dilated,-0.18865561600234487,0.2123628644848432,0.8280716322146293,0.5461362291651807,1.255552353900344,0.37434474997662104
hospitalization,negative_binomial,C_lite_supportive,LACavitySize_Normal,0.3746082755789967,0.29932299815325036,1.4544215705669474,0.8089122777042571,2.6150451207563536,0.21074536118656306
hospitalization,negative_binomial,C_lite_supportive,LACavitySize_Severely dilated,-0.7931332428350807,0.40097855161281826,0.4524250147494134,0.2061706192950886,0.9928106859786834,0.04792936282272886
hospitalization,poisson_robust,C_lite_supportive,const,-2.050126972526712,0.9248086583707205,0.12871855882950922,0.02101010129348608,0.7885953121169708,0.026635938127672842
hospitalization,poisson_robust,C_lite_supportive,AgeAtFirstHFDate,0.018112152620382977,0.0076148925337615825,1.0182771724391462,1.0031920470207598,1.0335891347922592,0.01738242749353125
hospitalization,poisson_robust,C_lite_supportive,albumin-numeric result,-0.03767850596752794,0.15202811466435234,0.9630224971142526,0.714870686483713,1.2973148115918727,0.8042589272558145
hospitalization,poisson_robust,C_lite_supportive,creatinine-numeric result,-0.05251469774483121,0.0452489812420672,0.9488403751395954,0.868313285904593,1.036835520208739,0.24581602388767054
hospitalization,poisson_robust,C_lite_supportive,AFIB_binary,0.061427445383731856,0.15971349885340866,1.0633533425361692,0.7775471354689655,1.4542145157551987,0.7005262143429376
hospitalization,poisson_robust,C_lite_supportive,LV_EF,-0.0030375308144111415,0.005749771715534985,0.9969670778148477,0.9857947765888957,1.0082659980061743,0.5973000126247356
hospitalization,poisson_robust,C_lite_supportive,TissueDopplerEERatioSeptal,0.03554976566903398,0.009500490596855007,1.036189213494417,1.017072908325592,1.0556648175102727,0.00018264338252649281
hospitalization,poisson_robust,C_lite_supportive,EstimatedSysPAPressure,0.00215974390400553,0.006163502058901246,1.0021620778307965,0.9901283278813158,1.0143420826987246,0.7260321003876558
hospitalization,poisson_robust,C_lite_supportive,m/f_m,0.2812087809809795,0.1809489327458703,1.3247301535260916,0.9291815563853472,1.8886620893424966,0.12016577863397204
hospitalization,poisson_robust,C_lite_supportive,LACavitySize_Moderately dilated,-0.17712811639488532,0.2042493018462473,0.8376724580725787,0.5613241414823276,1.25007120691503,0.3858240632234118
hospitalization,poisson_robust,C_lite_supportive,LACavitySize_Normal,0.20385660476240766,0.2589350968040796,1.2261223207482244,0.73811459771969,2.0367785030691685,0.43111304351855084
hospitalization,poisson_robust,C_lite_supportive,LACavitySize_Severely dilated,-0.44792065296408945,0.26978724427578815,0.6389553812361334,0.3765502962282895,1.084221638649558,0.09685941397719522
hospitalization,zinb_intercept_inflation,C_lite_supportive,inflate_const,-21.378416651726866,8937.262112406705,5.193637289535034e-10,0.0,inf,0.9980914185911369
hospitalization,zinb_intercept_inflation,C_lite_supportive,const,-0.6491820341854769,0.8906815224454755,0.5224729670497307,0.09118017196730464,2.9938307354326263,0.4660873738435316
hospitalization,zinb_intercept_inflation,C_lite_supportive,AgeAtFirstHFDate,0.016805752348440898,0.00790860512505358,1.0169477634233823,1.0013057380379002,1.0328341427048477,0.03358696679597406
hospitalization,zinb_intercept_inflation,C_lite_supportive,albumin-numeric result,-0.14569096858684122,0.17751277843560437,0.8644247963288102,0.6104151287630276,1.2241345164926132,0.41179717102092406
hospitalization,zinb_intercept_inflation,C_lite_supportive,creatinine-numeric result,-0.07769434914015749,0.04813555190665273,0.9252471859264589,0.8419454686782312,1.0167907387265753,0.10651134764228942
hospitalization,zinb_intercept_inflation,C_lite_supportive,AFIB_binary,-0.10287929611276264,0.18071853860945286,0.9022358702859989,0.6331248557690125,1.2857330717840625,0.5691667137902667
hospitalization,zinb_intercept_inflation,C_lite_supportive,LV_EF,-0.007453226659858817,0.006608551549724937,0.9925744797571624,0.9798008054746511,1.0055146845770686,0.25939785941244997
hospitalization,zinb_intercept_inflation,C_lite_supportive,TissueDopplerEERatioSeptal,0.03313388872087452,0.010020625429897923,1.0336889292651885,1.0135849105006098,1.0541917025557073,0.0009444610973512457
hospitalization,zinb_intercept_inflation,C_lite_supportive,EstimatedSysPAPressure,0.0009108458816694958,0.006436323973441151,1.000911260827754,0.9883638803345615,1.0136179315989235,0.8874619457293413
hospitalization,zinb_intercept_inflation,C_lite_supportive,m/f_m,0.26644731561719814,0.20136729599031009,1.3053188176074917,0.8796487626616692,1.9369744924606438,0.18577199722143156
hospitalization,zinb_intercept_inflation,C_lite_supportive,LACavitySize_Moderately dilated,-0.18865634906228704,0.21236276630706127,0.828071025188709,0.5461359339068175,1.2555511919017492,0.37434267290696144
hospitalization,zinb_intercept_inflation,C_lite_supportive,LACavitySize_Normal,0.3746084989027971,0.299323104688296,1.4544218953739363,0.8089122894457087,2.6150462508025574,0.21074525156598223
hospitalization,zinb_intercept_inflation,C_lite_supportive,LACavitySize_Severely dilated,-0.7931327115369814,0.4009788390332086,0.45242525512202764,0.20617061268817274,0.992811772751617,0.0479296722502256
hospitalization,negative_binomial,C_full_exploratory,const,-0.3706366157806822,0.9247423391744969,0.690294738202799,0.11268808343607266,4.228546719944798,0.6885674694638995
hospitalization,negative_binomial,C_full_exploratory,AgeAtFirstHFDate,0.015560762819349944,0.008121552246624638,1.015682461913288,0.9996425843041791,1.0319797091840688,0.055367153303370165
hospitalization,negative_binomial,C_full_exploratory,albumin-numeric result,-0.14491316949220204,0.18333644772235835,0.8650974066967368,0.6039567998526406,1.2391507525969072,0.42928133334913365
hospitalization,negative_binomial,C_full_exploratory,creatinine-numeric result,-0.08393131574764744,0.05028165492330543,0.9194944087123095,0.8331985087383031,1.0147281335554463,0.09507311132118246
hospitalization,negative_binomial,C_full_exploratory,AFIB_binary,-0.12886181983310266,0.18782437029986812,0.8790954307066855,0.6083544526077129,1.2703264897244133,0.49266509316717655
hospitalization,negative_binomial,C_full_exploratory,LV_EF,-0.004278822530877886,0.006941342819250251,0.9957303185878583,0.9822751126099302,1.0093698339976191,0.5376135553768266
hospitalization,negative_binomial,C_full_exploratory,TissueDopplerEERatioSeptal,0.03366905952429173,0.010585797836648465,1.0342422774546376,1.0130047312254358,1.0559250667867928,0.0014697659031763788
hospitalization,negative_binomial,C_full_exploratory,EstimatedSysPAPressure,-0.004416364584765827,0.007500507546340516,0.9955933732128113,0.981064218402245,1.010337698789521,0.5559895654688796
hospitalization,negative_binomial,C_full_exploratory,m/f_m,0.2828535096457742,0.20910597427040217,1.3269107679506684,0.8807387809340196,1.9991082761635937,0.17615782080513132
hospitalization,negative_binomial,C_full_exploratory,LACavitySize_Moderately dilated,-0.18494833721118045,0.21394636078455315,0.8311472221263753,0.5464659907328534,1.2641330230303374,0.38733456163109325
hospitalization,negative_binomial,C_full_exploratory,LACavitySize_Normal,0.42026851902621015,0.30473515012995545,1.522370286126981,0.8377694168708768,2.7664071299460593,0.1678555543209459
hospitalization,negative_binomial,C_full_exploratory,LACavitySize_Severely dilated,-0.7803377750599264,0.401142838318663,0.45825119933456754,0.2087583871353258,1.0059196402750643,0.05174049788265944
hospitalization,negative_binomial,C_full_exploratory,tricuspid_regurgitation_clin_grouped_Mild-to-mod,-0.04008404193539578,0.27220403692481665,0.9607086959413044,0.563490979110178,1.637934292958357,0.882928904462349
hospitalization,negative_binomial,C_full_exploratory,tricuspid_regurgitation_clin_grouped_Moderate-to-Severe,0.0937061606898145,0.27202637939148633,1.0982369933002614,0.6443807229088571,1.8717575659441255,0.7304894432513616
hospitalization,negative_binomial,C_full_exploratory,tricuspid_regurgitation_clin_grouped_Trivial,-0.32630978678190853,0.24171825593733887,0.7215816163570064,0.44929411173156214,1.158884604691811,0.17702906604063173
hospitalization,poisson_robust,C_full_exploratory,const,-1.9695652385005984,0.9927832813712932,0.13951749986876852,0.01993216600584114,0.9765688668219775,0.047268955927951994
hospitalization,poisson_robust,C_full_exploratory,AgeAtFirstHFDate,0.01823643125111073,0.007705371875941089,1.0184037303959002,1.0031388181801892,1.0339009310454055,0.017946671086465305
hospitalization,poisson_robust,C_full_exploratory,albumin-numeric result,-0.048679743829968314,0.16068529410311436,0.9524861204152512,0.6951532735347579,1.3050788137277392,0.7619273307404901
hospitalization,poisson_robust,C_full_exploratory,creatinine-numeric result,-0.051428294725375856,0.04606202495142159,0.9498717583355947,0.8678730214889909,1.0396179336645042,0.26420776276748703
hospitalization,poisson_robust,C_full_exploratory,AFIB_binary,0.04887566242388007,0.15977510310560256,1.0500897770050044,0.7677558195656008,1.436249015206847,0.759678601516357
hospitalization,poisson_robust,C_full_exploratory,LV_EF,-0.0015887315169100555,0.005738294013852741,0.9984125298489274,0.9872462396028292,1.0097051168919728,0.7818839363261529
hospitalization,poisson_robust,C_full_exploratory,TissueDopplerEERatioSeptal,0.037404392769298814,0.010182657526840793,1.0381127412527664,1.017599461092381,1.0590395383999696,0.00023939787969817772
hospitalization,poisson_robust,C_full_exploratory,EstimatedSysPAPressure,-0.001979231487819751,0.006814265535372791,0.9980227258992345,0.9847817933579879,1.0114416900569714,0.7714688467696384
hospitalization,poisson_robust,C_full_exploratory,m/f_m,0.2882598292093066,0.1862217345263665,1.3341038982548115,0.926135459513793,1.9217849754646794,0.12163705654263612
hospitalization,poisson_robust,C_full_exploratory,LACavitySize_Moderately dilated,-0.14835852269327743,0.20237740091965173,0.8621219692371369,0.5798312137926709,1.2818459444080272,0.46351054885746956
hospitalization,poisson_robust,C_full_exploratory,LACavitySize_Normal,0.2571651799461099,0.26111304231725857,1.2932587295246702,0.7752138261330234,2.157492662166177,0.32468270457890336
hospitalization,poisson_robust,C_full_exploratory,LACavitySize_Severely dilated,-0.48573676514066016,0.2968476404620092,0.6152437395987355,0.34384711950156205,1.1008522033400865,0.1017733130966334
hospitalization,poisson_robust,C_full_exploratory,tricuspid_regurgitation_clin_grouped_Mild-to-mod,0.059272180596365395,0.24202236008916553,1.061064002473681,0.6602797664751147,1.705120881343712,0.8065309675313161
hospitalization,poisson_robust,C_full_exploratory,tricuspid_regurgitation_clin_grouped_Moderate-to-Severe,0.22365322786530917,0.22400988912333425,1.2506372580728276,0.8062139260019839,1.9400477972841061,0.3180816370894646
hospitalization,poisson_robust,C_full_exploratory,tricuspid_regurgitation_clin_grouped_Trivial,-0.10532670509557483,0.20347708238026924,0.9000304300204515,0.6040237343361087,1.3410975908970562,0.6047134868116502
hospitalization,zinb_intercept_inflation,C_full_exploratory,inflate_const,-19.451225744344796,3521.049450845667,3.568124446459785e-09,0.0,inf,0.9955922931531527
hospitalization,zinb_intercept_inflation,C_full_exploratory,const,-0.37063730272920464,0.9247503426422712,0.6902942640060113,0.1126862383251951,4.228610147979895,0.6885694766077255
hospitalization,zinb_intercept_inflation,C_full_exploratory,AgeAtFirstHFDate,0.015560747052370483,0.008121557321988819,1.0156824458990437,0.9996425585986769,1.0319797031787048,0.055367552831833367
hospitalization,zinb_intercept_inflation,C_full_exploratory,albumin-numeric result,-0.14491311934759982,0.18333746744586854,0.8650974500767032,0.6039556230358227,1.2391532913748935,0.4292840596663319
hospitalization,zinb_intercept_inflation,C_full_exploratory,creatinine-numeric result,-0.08393118441957825,0.050281705208617855,0.9194945294677427,0.8331985360412663,1.0147283668285652,0.09507395946049124
hospitalization,zinb_intercept_inflation,C_full_exploratory,AFIB_binary,-0.1288611674308479,0.18782470681901853,0.8790960042307138,0.6083544482425993,1.2703281563681874,0.4926680585115575
hospitalization,zinb_intercept_inflation,C_full_exploratory,LV_EF,-0.004278818651393819,0.006941353111104915,0.9957303224507783,0.9822750966061629,1.0093698582744974,0.5376145272067381
hospitalization,zinb_intercept_inflation,C_full_exploratory,TissueDopplerEERatioSeptal,0.033669101037664115,0.010585823882351953,1.0342423203895232,1.0130047215652136,1.0559251645263377,0.0014697857076466647
hospitalization,zinb_intercept_inflation,C_full_exploratory,EstimatedSysPAPressure,-0.004416352743435956,0.007500495669760449,0.9955933850019609,0.9810642528566587,1.010337687234524,0.5559899991347323
hospitalization,zinb_intercept_inflation,C_full_exploratory,m/f_m,0.2828518648390785,0.20910622377171328,1.3269085854407476,0.8807369015898386,1.9991059656273171,0.17616085066084808
hospitalization,zinb_intercept_inflation,C_full_exploratory,LACavitySize_Moderately dilated,-0.18495182832266335,0.2139464921584497,0.831144320503829,0.5464639422519192,1.2641289353128324,0.3873258928056722
hospitalization,zinb_intercept_inflation,C_full_exploratory,LACavitySize_Normal,0.42026898941298835,0.3047353257933008,1.5223710022300034,0.8377695225023987,2.7664093837027233,0.16785532355215405
hospitalization,zinb_intercept_inflation,C_full_exploratory,LACavitySize_Severely dilated,-0.7803368219139697,0.4011433378323102,0.4582516361150535,0.20875838172831832,1.005921583907533,0.05174107507734771
hospitalization,zinb_intercept_inflation,C_full_exploratory,tricuspid_regurgitation_clin_grouped_Mild-to-mod,-0.04008339038841627,0.272202778704508,0.9607093218883573,0.5634927358855175,1.6379313208230992,0.8829302564459378
hospitalization,zinb_intercept_inflation,C_full_exploratory,tricuspid_regurgitation_clin_grouped_Moderate-to-Severe,0.09370690058309196,0.2720294829239988,1.0982378058787303,0.6443772799722329,1.8717703366470357,0.7304903531848663
hospitalization,zinb_intercept_inflation,C_full_exploratory,tricuspid_regurgitation_clin_grouped_Trivial,-0.32630703490104973,0.24171865752325317,0.7215836020663766,0.4492949944931296,1.1588887059792272,0.17703343754849232
