column,dtype,vtype,n_available,pct_available,n_missing,pct_missing,n_unique_nonmissing,clinical_axis,proposed_status,sample_or_distribution,requires_review
censor_or_event_date,datetime64[ns],date,645,100.0,0,0.0,479,Admin,Excluded — identifier/date/QC only,"min=2012-02-17, max=2025-08-16",False
flag_echo_after_death,int64,binary,645,100.0,0,0.0,1,Admin,Excluded — identifier/date/QC only,0: 645 (100.0%),False
patient_id,int64,continuous,645,100.0,0,0.0,645,Admin,Excluded — identifier/date/QC only,"min=1, median=323, max=645",False
BMI,float64,continuous,521,80.8,124,19.2,471,Clinical core/covariate,Descriptive/sensitivity — held out of parsimonious base,"min=3.746, median=27.94, max=81.22",False
DYSLIPIDEMIA_binary,int64,binary,645,100.0,0,0.0,2,Clinical core/covariate,Descriptive/sensitivity — held out of parsimonious base,0: 334 (51.8%); 1: 311 (48.2%),False
OncologicalDiagnosis_binary,int64,binary,645,100.0,0,0.0,2,Clinical core/covariate,Descriptive/sensitivity — held out of parsimonious base,0: 502 (77.8%); 1: 143 (22.2%),False
Weight,float64,continuous,554,85.9,91,14.1,232,Clinical core/covariate,Descriptive/sensitivity — held out of parsimonious base,"min=42, median=80, max=166.5",False
death_event,int64,binary,645,100.0,0,0.0,2,Outcome,Outcome — not a predictor,1: 506 (78.4%); 0: 139 (21.6%),False
died_1year,float64,binary,618,95.8,27,4.2,2,Outcome,Outcome — not a predictor,0.0: 378 (58.6%); 1.0: 240 (37.2%); NaN: 27 (4.2%),False
followup_days,int64,continuous,645,100.0,0,0.0,511,Outcome,Outcome — not a predictor,"min=1, median=553, max=5911",False
hosp_total,int64,continuous,645,100.0,0,0.0,11,Outcome,Outcome — not a predictor,"min=0, median=1, max=10",False
hospitalization-count,int64,continuous,645,100.0,0,0.0,11,Outcome,Excluded — duplicate if hosp_total exists,"min=0, median=1, max=10",False
time_to_event_days,int64,continuous,645,100.0,0,0.0,511,Outcome,Outcome — not a predictor,"min=1, median=553, max=5911",False
MitralValveStructure,object,categorical/text,448,69.5,197,30.5,10,A6 Other valves,Excluded/descriptive — very high missingness,No Value: 261 (40.5%); NaN: 197 (30.5%); Thickened / sclerotic: 65 (10.1%); Calcified: 62 (9.6%); Normal: 20 (3.1%); Prosthetic: 14 (2.2%),False
TricuspidValveStructure,object,categorical/text,410,63.6,235,36.4,5,A6 Other valves,Excluded/descriptive — very high missingness,No Value: 339 (52.6%); NaN: 235 (36.4%); Normal: 54 (8.4%); s/p Repair: 11 (1.7%); Thickened: 3 (0.5%); Bioprosthetic: 3 (0.5%),False
AorticValveSummary,object,categorical/text,138,21.4,507,78.6,42,Echo free text,"Descriptive only — free text, not modeled in Stage 1",NaN: 507 (78.6%); Normal aortic valve structure and function.: 24 (3.7%); Moderate aortic stenosis.: 17 (2.6%); Mild aortic stenosis.: 14 (2.2%); Severe aortic stenosis.: 11 (1.7%); S/P Percutaneous aortic valve implantation.: 5 (0.8%),False
LeftVentricleSummary,object,categorical/text,195,30.2,450,69.8,52,Echo free text,"Descriptive only — free text, not modeled in Stage 1",NaN: 450 (69.8%); Normal left ventricle structure and function.: 53 (8.2%); Hypertrophy of interventricular septum.: 20 (3.1%); Regional LV dysfunction.: 12 (1.9%); Hypertrophy of LV.: 8 (1.2%); Regional LV dysfunction: 8 (1.2%),False
MitralValveSummary,object,categorical/text,202,31.3,443,68.7,57,Echo free text,"Descriptive only — free text, not modeled in Stage 1",NaN: 443 (68.7%); mitral annular calcification.: 60 (9.3%); Mild mitral annular calcification.: 31 (4.8%); Mitral annular calcification.: 11 (1.7%); Mild mitral annular calcification.   : 9 (1.4%); Severe mitral annular calcification.: 8 (1.2%),False
ProcedureSummary,object,categorical/text,645,100.0,0,0.0,644,Echo free text,"Descriptive only — free text, not modeled in Stage 1","חדר שמאל בגודל תקין, התכווצות גלובלית ירודה במידה בינונית, אקינזיה פוסטריורית,לטרלית, אינפרו-בזלית וספטו-בזלית, הפוקינזיה אנטריורית, תבנית מילוי רסטריקטיבית, עליות בגודל תקין, חדר ימני בגודל תקין, טבעת מסתם מיטרלי מסוידת, אי ספיקה מיטרלית קשה, מסתם אאורטלי מעובה, אי ספיקה אאורטלית וטריקוספידלית קלה, לחץ דם ריאתי מוגבר במידה קשה.: 2 (0.3%); חדר שמאל בגודל והתכווצותו תקין, הפרוזדו השמאלי בגודל תקין, האוזנית והוורידים הפולמונלים נקיים, המחיצה הבין עלייתית ללא פגם, מסתם האורטלי מסויד במידה קלה, פתיחתו תקינה, המסתם המיטרלי מדגים מסה מובילית בגודל 4 ממי בחלק האטריאלי של העלה הפוסטריורי ( כנראה סטרנד), מסתם טריקוספידלי והפולמונלי תקינים, בדופלר אי ספיקה אורטלית בינונית, אי ספיקה מיטרלית קלה, אי ספיקה טריקוספידלית קלה עד בינונית,רצוי לעקוב אחרי הסטרנד המיטרלי . הודגמה אנאוריזמה אפיקלית ממוקמת,: 1 (0.2%); חדר שמאל בגודל תקין, התכווצות גלובלית מופחתת במידה קלה-בינונית, אקינזיה אפיקלית, היפוקינזיה אחורית, עליה שמאלית מורחבת במידה קלה , חדר ימני תקין עליה ימנית מורחבת, טבעת מסתם מיטרלי מסוידת, אי ספיקה מיטרלית קשה, מסתם אאורטלי מסויד אי ספיקה אאורטלית מינימלית, אי ספיקה טריקוספידלית קלה-בינונית, לחץ דם ריאתי מוגבר במידה בינונית, נוזל פריקירדיאלי בכמות קטנה, הודגם נוזל פלאוראלי משמאל .: 1 (0.2%); חדר שמאל בגודל תקין, התכווצותו הגלובלית והאזורית תקינה, תבנית המילוי פסאודונורמאלית, חדר ימין בגודל ותפקוד תקין, עליה שמאלית מורחבת במידה קלה, אי ספיקה אאורטלית קלה , אי ספיקה מיטרלית וטריקוספידלית קלה, לחץ דם ריאתי מוגבר במידה בינונית, תפליט פריקרדיאלי מינימלי, תפליט פלאורלי דוצ: 1 (0.2%); חדר שמאל מורחב במידה בינונית (ביחס לBSA) , תפקודו הסיסטולי הגלובלי ירוד במידה קשה ביותר באופן דיפוזי עם וריאביליות אזורית מסויימת (ראה תרשים) , תבנית המילוי הדיאסטולי פסאודונורמלית ,עליה שמאל מורחבת במידה קשה, עליה ימין מורחבת חדר ימין מורחב עם תפקוד סיסטולי ירוד במידה קשה, ל""ד ריאתי מוערך מוגבר במידה בינונית מסתם אאורטלי מסוייד עם דלף מינימלי, ללא הצרות , דלף מיטראלי קל עד בינוני, דלף טריקוספידלי בינוני. מודגם תפליט פריקריאלי בינוני ללא סימני לחץ על מדורים ימניים: 1 (0.2%); חדר שמאל מורחב במידה קלה, הפרטרופי, התכווצות גלובלית ירודה במידה קשה, עליה שמאלית מורחבת במידה בינונית, חדר ימני מורחב במידה קלה עם תיפקוד ירוד במידה בינונית, עליה ימנית מורחבת במידה קלה, מסתם מיטרלי תותב ביולוגי עם אי ספיקה קלה-בינונית (פאראולולארי), מסתם אורטלי מסויד, אי ספיקה אאורטלית קלה-בינונית, מסתם טריקוספידלי אחרי תיקון, אי ספיקה טריקוספידלית קלה-בינונית, לחץ דם ריאתי מוגבר במידה קשה, הודגם קוצב בחללי הלב ימניים.: 1 (0.2%)",False
ca-numeric result,float64,continuous,644,99.8,1,0.2,58,Labs,Descriptive/sensitivity — held out of parsimonious base,"min=4.8, median=8.3, max=12.8",False
hba1c-numeric result,float64,continuous,580,89.9,65,10.1,71,Labs,Descriptive/sensitivity — held out of parsimonious base,"min=4, median=6.1, max=18.7",False
k-numeric result,float64,continuous,642,99.5,3,0.5,69,Labs,Descriptive/sensitivity — held out of parsimonious base,"min=2.56, median=4.5, max=8.2",False
na-numeric result,float64,continuous,642,99.5,3,0.5,56,Labs,Descriptive/sensitivity — held out of parsimonious base,"min=116, median=137, max=159",False
p-numeric result,float64,continuous,644,99.8,1,0.2,129,Labs,Descriptive/sensitivity — held out of parsimonious base,"min=1.9, median=5.8, max=13",False
ua-numeric result,float64,continuous,644,99.8,1,0.2,149,Labs,Descriptive/sensitivity — held out of parsimonious base,"min=1.7, median=9.35, max=22.2",False
urea-numeric result,float64,continuous,641,99.4,4,0.6,267,Labs,Descriptive/sensitivity — held out of parsimonious base,"min=25, median=211, max=472",False
AFIB,datetime64[ns],date,303,47.0,342,53.0,300,Clinical dates,Excluded — date kept for derivations; binary used if applicable,"min=1997-04-18, max=2025-05-06",False
CABG,datetime64[ns],date,133,20.6,512,79.4,108,Clinical dates,Excluded — date kept for derivations; binary used if applicable,"min=1986-01-01, max=2025-03-28",False
COPD,datetime64[ns],date,105,16.3,540,83.7,105,Clinical dates,Excluded — date kept for derivations; binary used if applicable,"min=2008-12-25, max=2024-02-18",False
DYSLIPIDEMIA,datetime64[ns],date,311,48.2,334,51.8,308,Clinical dates,Excluded — date kept for derivations; binary used if applicable,"min=2007-08-20, max=2025-05-30",False
DeathDate,datetime64[ns],date,506,78.4,139,21.6,479,Clinical dates,Excluded — date kept for derivations; binary used if applicable,"min=2012-02-17, max=2025-08-16",False
Diabetes mellitus,datetime64[ns],date,410,63.6,235,36.4,409,Clinical dates,Excluded — date kept for derivations; binary used if applicable,"min=2007-03-05, max=2025-05-30",False
Dialysis_Start_Date,datetime64[ns],date,645,100.0,0,0.0,609,Clinical dates,Excluded — date kept for derivations; binary used if applicable,"min=2009-04-13, max=2025-06-12",False
Echo_Date,datetime64[ns],date,645,100.0,0,0.0,600,Clinical dates,Excluded — date kept for derivations; binary used if applicable,"min=2009-02-12, max=2025-06-03",False
HTN,datetime64[ns],date,533,82.6,112,17.4,529,Clinical dates,Excluded — date kept for derivations; binary used if applicable,"min=2003-05-09, max=2025-04-15",False
IHD,datetime64[ns],date,396,61.4,249,38.6,394,Clinical dates,Excluded — date kept for derivations; binary used if applicable,"min=2004-01-01, max=2025-03-28",False
MI,datetime64[ns],date,193,29.9,452,70.1,175,Clinical dates,Excluded — date kept for derivations; binary used if applicable,"min=1981-01-01, max=2024-12-01",False
data_cutoff_date,object,categorical/text,645,100.0,0,0.0,1,Other/unmapped,Administrative/support only — not a predictor,2025-08-16: 645 (100.0%),False
event,int64,binary,645,100.0,0,0.0,2,Other/unmapped,Outcome/support variable for survival analysis — not a predictor,1: 506 (78.4%); 0: 139 (21.6%),False
event_1y,int64,binary,645,100.0,0,0.0,2,Other/unmapped,Outcome/duplicate support — use died_1year as primary 1-year mortality variable,0: 405 (62.8%); 1: 240 (37.2%),False
time_to_event_years,float64,continuous,645,100.0,0,0.0,511,Other/unmapped,Survival outcome time/support variable — not a predictor,"min=0.002738, median=1.514, max=16.18",False
months_echo_to_dialysis,float64,continuous,645,100.0,0,0.0,296,Other/unmapped,Excluded duplicate timing variable — use days_echo_to_dialysis only,"min=-12.2, median=-2.333, max=2.233",False
months_dialysis_to_echo,float64,continuous,645,100.0,0,0.0,297,Other/unmapped,Excluded duplicate/inverse timing variable — use days_echo_to_dialysis only,"min=-12.2, median=-2.333, max=2.233",False
gap_echo_to_dial_days,int64,continuous,645,100.0,0,0.0,296,Timing,Excluded duplicate/inverse timing variable — use days_echo_to_dialysis only,"min=-67, median=70, max=366",False
OncologicalDiagnosis,object,categorical/text,143,22.2,502,77.8,1,Other/unmapped,Excluded — raw diagnosis/date field; use binary/descriptive version only if needed,NaN: 502 (77.8%); Oncological diagnosis: 143 (22.2%),False
