column,dtype,vtype,n_missing,pct_missing,n_unique,in_stage2,sample_or_levels
patient_id,int64,continuous,0,0.0,645,True,"min=1, max=645, median=323.0"
Dialysis_Start_Date,datetime64[us],categorical/string/date,0,0.0,609,True,2016-07-19 00:00:00: 2 (0.3%); 2020-12-10 00:00:00: 2 (0.3%); 2016-10-26 00:00:00: 2 (0.3%); 2011-07-12 00:00:00: 2 (0.3%); 2018-12-17 00:00:00: 2 (0.3%); 2019-10-24 00:00:00: 2 (0.3%); 2016-02-08 00:00:00: 2 (0.3%); 2017-01-16 00:00:00: 2 (0.3%); 2013-09-23 00:00:00: 2 (0.3%); 2020-07-21 00:00:00: 2 (0.3%)
Echo_Date,datetime64[us],categorical/string/date,0,0.0,600,False,2016-08-14 00:00:00: 3 (0.5%); 2014-05-13 00:00:00: 3 (0.5%); 2013-02-10 00:00:00: 2 (0.3%); 2021-12-14 00:00:00: 2 (0.3%); 2017-02-13 00:00:00: 2 (0.3%); 2016-05-02 00:00:00: 2 (0.3%); 2009-05-12 00:00:00: 2 (0.3%); 2021-10-17 00:00:00: 2 (0.3%); 2015-12-11 00:00:00: 2 (0.3%); 2014-05-08 00:00:00: 2 (0.3%)
DeathDate,datetime64[us],categorical/string/date,139,21.6,479,False,NaT: 139 (21.6%); 2012-03-25 00:00:00: 2 (0.3%); 2017-09-16 00:00:00: 2 (0.3%); 2014-08-29 00:00:00: 2 (0.3%); 2017-01-07 00:00:00: 2 (0.3%); 2019-11-21 00:00:00: 2 (0.3%); 2021-09-28 00:00:00: 2 (0.3%); 2017-05-20 00:00:00: 2 (0.3%); 2022-07-09 00:00:00: 2 (0.3%); 2021-07-27 00:00:00: 2 (0.3%)
data_cutoff_date,datetime64[us],categorical/string/date,0,0.0,1,False,2025-08-16 00:00:00: 645 (100.0%)
event,int64,binary,0,0.0,2,True,"min=0, max=1, median=1.0"
event_1y,int64,binary,0,0.0,2,False,"min=0, max=1, median=0.0"
time_to_event_days,int64,continuous,0,0.0,511,True,"min=1, max=5911, median=553.0"
time_to_event_years,float64,continuous,0,0.0,511,True,"min=0.0027378507871321, max=16.1834360027378, median=1.51403148528405"
days_echo_to_dialysis,int64,continuous,0,0.0,296,False,"min=-366, max=67, median=-70.0"
months_echo_to_dialysis,float64,continuous,0,0.0,296,False,"min=-12.2, max=2.23333333333333, median=-2.33333333333333"
HD/PD,str,categorical/string/date,0,0.0,2,False,HD: 513 (79.5%); PD: 132 (20.5%)
m/f,str,categorical/string/date,1,0.2,2,False,m: 447 (69.3%); f: 197 (30.5%); nan: 1 (0.2%)
AgeAtFirstHFDate,float64,continuous,0,0.0,435,True,"min=26.0, max=95.4391244870039, median=71.0"
LeftVentricleCavitySize,str,categorical/string/date,29,4.5,6,True,Normal: 363 (56.3%); Mildly dilated: 140 (21.7%); No Value: 45 (7.0%); Moderately dilated: 37 (5.7%); nan: 29 (4.5%); Severely dilated: 27 (4.2%); Small: 4 (0.6%)
LeftVentricleWallThickness,str,categorical/string/date,100,15.5,5,True,Mildly increased: 215 (33.3%); Normal: 143 (22.2%); No Value: 143 (22.2%); nan: 100 (15.5%); Moderately increased: 39 (6.0%); Severely increased: 5 (0.8%)
LeftVentricleSystolicFunction,str,categorical/string/date,29,4.5,8,True,Normal: 292 (45.3%); Severely reduced: 112 (17.4%); Moderately reduced: 47 (7.3%); No Value: 46 (7.1%); Mildly reduced: 36 (5.6%); Mild-moderately reduced: 36 (5.6%); Moderate-severely reduced: 34 (5.3%); nan: 29 (4.5%); Increased (hyperdynamic): 13 (2.0%)
LeftVentricleSummary,str,categorical/string/date,450,69.8,52,False,nan: 450 (69.8%); Normal left ventricle structure and function.: 53 (8.2%); Hypertrophy of interventricular septum.: 20 (3.1%); Regional LV dysfunction.: 12 (1.9%); Hypertrophy of LV.: 8 (1.2%); Regional LV dysfunction: 8 (1.2%); C/W LV diastolic dysfunction: Pseudo-normal filling pattern .   : 6 (0.9%); C/W LV diastolic dysfunction: Pseudo-normal filling pattern .: 6 (0.9%); Hypertrophy of interventricular septum   : 5 (0.8%); C/W LV diastolic dysfunction: impaired relaxation pattern .: 5 (0.8%)
LV_EF,float64,continuous,4,0.6,35,True,"min=7.0, max=75.0, median=50.0"
RVSize,str,categorical/string/date,150,23.3,5,True,No Value: 195 (30.2%); Normal: 152 (23.6%); nan: 150 (23.3%); Dilated: 90 (14.0%); Mildly dilated: 57 (8.8%); RVH: 1 (0.2%)
RVSystolicFunction,str,categorical/string/date,147,22.8,5,True,No Value: 194 (30.1%); nan: 147 (22.8%); Normal: 144 (22.3%); Moderately reduced: 62 (9.6%); Mildly reduced: 57 (8.8%); Severely reduced: 41 (6.4%)
LACavitySize,str,categorical/string/date,14,2.2,5,True,Mildly dilated: 324 (50.2%); Moderately dilated: 170 (26.4%); Normal: 68 (10.5%); Severely dilated: 40 (6.2%); No Value: 29 (4.5%); nan: 14 (2.2%)
AorticValveStructure,str,categorical/string/date,88,13.6,9,False,Calcified: 298 (46.2%); No Value: 106 (16.4%); nan: 88 (13.6%); Thickened: 65 (10.1%); Normal: 31 (4.8%); Bioprosthesis: 24 (3.7%); Focal calcification: 21 (3.3%); Prosthetic: 10 (1.6%); Bicuspid: 1 (0.2%); Not well seen: 1 (0.2%)
AorticValveRegurgitation,str,categorical/string/date,187,29.0,7,False,nan: 187 (29.0%); No Value: 156 (24.2%); Trivial: 141 (21.9%); Mild (I): 128 (19.8%); Mild-to-moderate (I-II): 23 (3.6%); Moderate (II): 6 (0.9%); Moderately-severe (III): 3 (0.5%); Severe (IV): 1 (0.2%)
AorticValveSummary,str,categorical/string/date,507,78.6,42,False,nan: 507 (78.6%); Normal aortic valve structure and function.: 24 (3.7%); Moderate aortic stenosis.: 17 (2.6%); Mild aortic stenosis.: 14 (2.2%); Severe aortic stenosis.: 11 (1.7%); Mild aortic stenosis: 5 (0.8%); S/P Percutaneous aortic valve implantation.: 5 (0.8%); Moderate-Severe aortic stenosis   : 4 (0.6%); Normally functioning bioprosthetic valve in aortic position.: 4 (0.6%); Normally functioning prosthetic valve in aortic position.: 4 (0.6%)
MitralValveStructure,str,categorical/string/date,197,30.5,10,False,No Value: 261 (40.5%); nan: 197 (30.5%); Thickened / sclerotic: 65 (10.1%); Calcified: 62 (9.6%); Normal: 20 (3.1%); Prosthetic: 14 (2.2%); S/P Repair: 10 (1.6%); Bioprosthetic: 6 (0.9%); See below: 5 (0.8%); Rheumatic: 3 (0.5%)
MitralRegurgitation,str,categorical/string/date,19,2.9,7,True,Mild (I): 229 (35.5%); Trivial: 137 (21.2%); Mild-to-moderate (I-II): 106 (16.4%); Moderate (II): 67 (10.4%); Severe (IV): 34 (5.3%); No Value: 29 (4.5%); Moderately-severe (III): 24 (3.7%); nan: 19 (2.9%)
MitralValveSummary,str,categorical/string/date,443,68.7,57,False,nan: 443 (68.7%); mitral annular calcification.: 60 (9.3%); Mild mitral annular calcification.: 31 (4.8%); Mitral annular calcification.: 11 (1.7%); Mild mitral annular calcification.   : 9 (1.4%); Severe mitral annular calcification.: 8 (1.2%); Mild mitral annulus calcification.: 6 (0.9%); mitral annular calcification.   : 5 (0.8%); mitral annulus calcification.: 5 (0.8%); Normally functioning prosthetic artificial valve in mitral position.: 5 (0.8%)
TricuspidValveStructure,str,categorical/string/date,235,36.4,5,False,No Value: 339 (52.6%); nan: 235 (36.4%); Normal: 54 (8.4%); s/p Repair: 11 (1.7%); Thickened: 3 (0.5%); Bioprosthetic: 3 (0.5%)
TricuspidRegurgitation,str,categorical/string/date,19,2.9,7,True,Mild (I): 197 (30.5%); Trivial: 164 (25.4%); Mild-to-moderate (I-II): 93 (14.4%); Moderate (II): 64 (9.9%); Severe (IV): 51 (7.9%); Moderately-severe (III): 31 (4.8%); No Value: 26 (4.0%); nan: 19 (2.9%)
ECHO_SPAP,str,categorical/string/date,119,18.4,4,True,Severely increased: 150 (23.3%); Moderately increased: 142 (22.0%); Mildly increased: 135 (20.9%); nan: 119 (18.4%); Normal: 99 (15.3%)
LeftVentricleEndDiastolicDiameter,float64,continuous,8,1.2,247,True,"min=3.09999990463257, max=8.69999980926513, median=5.13000011444092"
LeftVentricleEndSystolicDiameter,float64,continuous,9,1.4,272,True,"min=1.53999996185303, max=8.10000038146972, median=3.5"
LeftVentricleInterventricularSeptumThickness,float64,continuous,8,1.2,117,True,"min=0.46000000834465, max=2.20000004768371, median=1.16999995708466"
LeftVentriclePosteriorWallThickness,float64,continuous,13,2.0,99,True,"min=0.52999997138977, max=1.75999999046325, median=1.0"
LeftVentricleEstimatedMass,float64,continuous,16,2.5,562,True,"min=78.7604064941406, max=555.079406738281, median=218.0"
LeftVentricleEstimatedMassIndex,float64,continuous,67,10.4,146,True,"min=23.0, max=294.0, median=113.5"
LeftVentricleScoreIndex,float64,continuous,5,0.8,45,True,"min=1.0, max=2.88000011444092, median=1.0"
EstimatedSysPAPressure,float64,continuous,108,16.7,77,True,"min=19.0, max=105.0, median=49.0"
MitralInflowPeakEWave,float64,continuous,63,9.8,302,True,"min=38.0, max=230.0, median=104.0"
TissueDopplerSVelocitySeptal,float64,continuous,204,31.6,201,True,"min=2.0, max=13.5, median=5.69000005722045"
TissueDopplerEVelositySeptal,float64,continuous,114,17.7,245,True,"min=2.0, max=16.0, median=5.0"
TissueDopplerEERatioSeptal,float64,continuous,122,18.9,474,True,"min=4.30999994277954, max=66.9599990844727, median=19.7199993133545"
TissueDopplerSVelocityLateral,float64,continuous,131,20.3,233,True,"min=2.0, max=14.0, median=6.490000009536745"
TissueDopplerEVelosityLateral,float64,continuous,114,17.7,255,True,"min=2.0, max=18.0, median=7.0"
TissueDopplerEERatioLateral,float64,continuous,122,18.9,452,True,"min=4.44000005722045, max=45.0800018310546, median=14.25"
ProcedureSummary,str,categorical/string/date,0,0.0,644,False,"חדר שמאל בגודל תקין, התכווצות גלובלית ירודה במידה בינונית, אקינזיה פוסטריורית,לטרלית, אינפרו-בזלית וספטו-בזלית, הפוקינזיה אנטריורית, תבנית מילוי רסטריקטיבית, עליות בגודל תקין, חדר ימני בגודל תקין, טבעת מסתם מיטרלי מסוידת, אי ספיקה מיטרלית קשה, מסתם אאורטלי מעובה, אי ספיקה אאורטלית וטריקוספידלית קלה, לחץ דם ריאתי מוגבר במידה קשה.: 2 (0.3%); בדיקה בוצעה בשכיבה על הגב.  חדר שמאלי בגודל תקין, ספטום מעובה במדיה קלה, תפקודו הגלובלי הסיסטולי תקין  עם היפוקנזיה ספטלית בלבד.   תבנית מילוי דיאסטולי מתאימה להפרעה דרגה 1 ( הפרעה בהרפיה).   חדר ימין בגודל ותפקוד תקינים   עליה שמאלית מרוחבת במדיה קלה   מסתם אאורטלי מסוייד תלת עלי  מפתחו מוגבלת במידה קלה מאוד עם דלף מנימלי  והצרות קלה.   מסתם מטרלי עם דלף מנימלי   מסתם טריקוספידלי עם דלף מנימלי   לחץף דם ראתי סיסטולי לא ניתן להערכה בהעדר סגנל TR דופלר מספק  IVC אינו מורחב ועובר תמט נשימתי הולם באינספיריום    ללא עדות לתפליט פריקרדיאלי    אאורטה  עולה ברוחב תקין : 1 (0.2%); חדר שמאל בגודל ותפקוד תקין, תבנית המילוי פסאדונורמלית, היפוקינזיה אינפרובזלית ואפיקלית, חדר ימין בגודל ותפקוד תקין, הרחבה של עליה שמאלית, הסתידות בטבעת המסתם המיטרלי, אי ספיקה מיטרלית קלה עם סילון אקסנטרי קדמי, מסתם אאורטלי מעובה, אי ספיקה טריקוספידלית מינימלית, לחץ ראתי מוגבר במידה בינונית, הודגם תפליט פלאורלי מימין. : 1 (0.2%); חדר שמאל בגודל תקין, התכווצותו הגלובלית ואיזורית תקינה, חדר ימין עם תפקוד תקין, עליות בגודל תקין, אי ספיקה מיטרלית מינימלית, אי ספיקה טריקוספידלית מינימלית, לא ניתן להעריך לחץ דם ריאתי בשל סינגל TR קלוש.  הודגם נוזל פקרידריאלי בכמות גדולה , עם סימני לחץ על עליה הימנית, והחדר הימני ללא שינוים רספירטוריים משמעותיים. IVC אינו מורחב עם קולפס נשימתי תקין.: 1 (0.2%); חדר שמאל בגודל תקין ,תפקודו הסיסטולי הגלובלי תקין  עם היפוקינזיה אחורית קלה, תבנית המילוי הדיאסטולי פסאודונורמלית ,עליה שמאל מורחבת במידה קלה. מודגם PFO עם דלף משמאל לימין.   חדר ימין בגודל ותפקוד תקינים , ל""ד ריאתי מוערך מוגבר במידה קלה.   מסתם אאורטלי מסוייד ללא דלף או הצרות, אנולוס מיטראלי מסוייד, דלף מיטראלי וטריקוספידלי מינימלי : 1 (0.2%); חדר שמאלי מעט מורחב, היפרטרופי, התכווצות גלובלית ואיזורית תקינה, חדר ימני בגודל והתכווצות תקינה, מסתם אורטלי מסוייד עם היצרות קלה, אנולוס מיטרלי מסוייד עם דלף קל מיטרלי על בסיס ה - MAC ניצפה מסה מסויידת ניידת בגודל של 1.1 על 0.7 ס""מ באבחנה מבדלת: מרכיב של ה MAC (במקום ראשון) או וגטציה. דלף קל של טריקספיד, אין עדות ליתר לחץ דם ריאתי, הגדלה קלה של העליה השמאלית.: 1 (0.2%); חדר שמאל בגודל תקין, היפרטרופי, תפקודו הגלובלי והאיזורי תקין. חדר ימין תקין. עליה שמאלית מורחבת במידה קלה. מסתם אורטלי מסוייד, היצרות קלה,דלף עד בינוני.אי ספיקה מיטרלית וטריקוספידלית מינימלית. לחץ דם ריאתי מוערך כתקין.  הודגמה אנאוריזמה בינעלתית.: 1 (0.2%); חדר שמאל עם חלל בגודל תקין, היפרטופי במידה ניכרת במידה ניכרת,תפקודו הסיסטולי הגלובלי תקין ללא הפרעה אזורית, תבנית המילוי הדיאסטולי פסאודונורמלית, עליה שמאל מורחבת במידה קלה.   חדר ימין בגודל ותפקוד תקינים ללא עדות ליל""ד ריאתי (תתכן תת הערכה בשל סיגנל TR חלש) .   מסתם אאורטלי מסוייד עם דלף מינימלי ללא הצרות,דלף מיטראלי וטריקוספידלי מינימלי. : 1 (0.2%); חדר שמאל בגודל תקין ,תפקודו הסיסטולי הגלובלי תקין ללא הפרעה אזורית ,לא ניתן לקבוע תפקוד דיאסטולי, עליה שמאל מורחבת במידה קלה   חדר ימין בגודל ותפקוד תקינים , ל""ד ריאתי מוערך מוגבר במידה קלה   מסתם אאורטלי מסוייד עם הצרות בינונית ללא דלף, אנולוס מיטראלי מסוייד ללא הצרות, דלף מיטראלי קל ודלף טריקוספידלי מינימלי.   מודגם תפליט פריקרדיאלי קל עד בינוני ללא סימני לחץ על מדורים ימניים : 1 (0.2%); עליה שמאלית מורחבת. חדר ימין עם תפקוד ירוד במדיה בינונית, אלקטרודה של קוצב בתוכו(FAC=25). חדר שמאל מורחב עם תפקוד גלובלי ירוד במידה קשה. אקינזיה פוסטירורית, אחורית, קידמית, דיסקינזיה אפיקלית. שאר הדפנות היפוקינטיות. מסתם אורטלי מסויד. אס""ק מיטרלית קלה. אס""ק אורטלית קלה. אס""ק טרקיוספידלית בינונית. יל""ד  ריאתי קל.   בדיקת סינכרוניזציה:   חדר ימין מתכווץ 16 מילישניות אחרי חדר שמאל( לא משמעותי)   YU INDEX=32.9( משמעותי)  בסי הקיר הלטרלי מתכווץ 65 מילישניות אחרי בסיס הספטום( משמעותי)    הקיר הלטרלי מתכווץ אחרון.: 1 (0.2%)"
Weight,float64,continuous,91,14.1,232,False,"min=42.0, max=166.5, median=80.0"
BMI,float64,continuous,124,19.2,471,False,"min=3.74609781477627, max=81.2161599333611, median=27.9430976919727"
MI,datetime64[us],categorical/string/date,452,70.1,175,False,NaT: 452 (70.1%); 2015-01-01 00:00:00: 4 (0.6%); 1998-01-01 00:00:00: 3 (0.5%); 2006-01-01 00:00:00: 3 (0.5%); 2005-01-01 00:00:00: 3 (0.5%); 2011-01-01 00:00:00: 3 (0.5%); 2004-01-01 00:00:00: 2 (0.3%); 2017-09-06 00:00:00: 2 (0.3%); 2023-09-01 00:00:00: 2 (0.3%); 2003-01-01 00:00:00: 2 (0.3%)
CABG,datetime64[us],categorical/string/date,512,79.4,108,False,NaT: 512 (79.4%); 2001-01-01 00:00:00: 7 (1.1%); 1998-01-01 00:00:00: 7 (1.1%); 2006-01-01 00:00:00: 4 (0.6%); 1997-01-01 00:00:00: 3 (0.5%); 2009-11-23 00:00:00: 2 (0.3%); 1992-01-01 00:00:00: 2 (0.3%); 2004-01-01 00:00:00: 2 (0.3%); 2012-01-01 00:00:00: 2 (0.3%); 1993-01-01 00:00:00: 2 (0.3%)
IHD,datetime64[us],categorical/string/date,249,38.6,394,False,NaT: 249 (38.6%); 2015-10-07 00:00:00: 2 (0.3%); 2011-08-23 00:00:00: 2 (0.3%); 2019-07-05 00:00:00: 1 (0.2%); 2009-04-23 00:00:00: 1 (0.2%); 2017-04-20 00:00:00: 1 (0.2%); 2013-05-24 00:00:00: 1 (0.2%); 2021-01-11 00:00:00: 1 (0.2%); 2009-03-19 00:00:00: 1 (0.2%); 2010-11-22 00:00:00: 1 (0.2%)
AFIB,datetime64[us],categorical/string/date,342,53.0,300,False,NaT: 342 (53.0%); 2012-10-22 00:00:00: 2 (0.3%); 2019-09-18 00:00:00: 2 (0.3%); 2015-12-21 00:00:00: 2 (0.3%); 2022-06-26 00:00:00: 1 (0.2%); 2007-09-18 00:00:00: 1 (0.2%); 2016-04-25 00:00:00: 1 (0.2%); 2016-09-20 00:00:00: 1 (0.2%); 2014-10-05 00:00:00: 1 (0.2%); 2016-03-12 00:00:00: 1 (0.2%)
HTN,datetime64[us],categorical/string/date,112,17.4,529,False,NaT: 112 (17.4%); 2019-10-16 00:00:00: 2 (0.3%); 2009-06-05 00:00:00: 2 (0.3%); 2013-10-02 00:00:00: 2 (0.3%); 2011-08-23 00:00:00: 2 (0.3%); 2019-07-05 00:00:00: 1 (0.2%); 2008-09-23 00:00:00: 1 (0.2%); 2020-11-22 00:00:00: 1 (0.2%); 2013-05-24 00:00:00: 1 (0.2%); 2014-10-05 00:00:00: 1 (0.2%)
Diabetes mellitus,datetime64[us],categorical/string/date,235,36.4,409,False,NaT: 235 (36.4%); 2009-10-02 14:53:38.937000: 2 (0.3%); 2019-07-05 03:13:22.487000: 1 (0.2%); 2008-09-23 21:15:28.423000: 1 (0.2%); 2009-09-01 09:56:40.423000: 1 (0.2%); 2010-11-22 09:43:17.200000: 1 (0.2%); 2009-12-28 11:08:49.420000: 1 (0.2%); 2009-10-07 15:54:01.370000: 1 (0.2%); 2023-11-01 10:49:49.343000: 1 (0.2%); 2010-05-07 21:05:05.480000: 1 (0.2%)
DYSLIPIDEMIA,datetime64[us],categorical/string/date,334,51.8,308,False,NaT: 334 (51.8%); 2012-07-25 00:00:00: 2 (0.3%); 2011-10-10 00:00:00: 2 (0.3%); 2011-08-23 00:00:00: 2 (0.3%); 2019-07-05 00:00:00: 1 (0.2%); 2016-04-11 00:00:00: 1 (0.2%); 2009-09-01 00:00:00: 1 (0.2%); 2013-10-24 00:00:00: 1 (0.2%); 2021-01-11 00:00:00: 1 (0.2%); 2009-03-19 00:00:00: 1 (0.2%)
COPD,datetime64[us],categorical/string/date,540,83.7,105,False,NaT: 540 (83.7%); 2017-01-19 00:00:00: 1 (0.2%); 2009-03-19 00:00:00: 1 (0.2%); 2009-10-07 00:00:00: 1 (0.2%); 2011-11-10 00:00:00: 1 (0.2%); 2021-12-13 00:00:00: 1 (0.2%); 2012-12-11 00:00:00: 1 (0.2%); 2013-05-27 00:00:00: 1 (0.2%); 2019-01-14 00:00:00: 1 (0.2%); 2012-07-23 00:00:00: 1 (0.2%)
OncologicalDiagnosis,str,categorical/string/date,502,77.8,1,False,nan: 502 (77.8%); Oncological diagnosis: 143 (22.2%)
sbp-numeric result,float64,continuous,164,25.4,115,True,"min=55.0, max=220.0, median=134.0"
dbp-numeric result,float64,continuous,137,21.2,77,True,"min=24.0, max=137.0, median=67.0"
hospitalization-count,int64,continuous,0,0.0,11,False,"min=0, max=10, median=1.0"
GFR,float64,continuous,1,0.2,616,True,"min=1.43322314186076, max=114.583333333333, median=14.0471503121553"
na-numeric result,float64,continuous,3,0.5,56,False,"min=116.0, max=159.0, median=137.0"
k-numeric result,float64,continuous,3,0.5,69,False,"min=2.56, max=8.19999999999999, median=4.5"
albumin-numeric result,float64,continuous,1,0.2,39,True,"min=1.5, max=4.79999999999999, median=3.1"
hb-numeric result,float64,continuous,66,10.2,105,True,"min=4.5, max=16.0, median=9.69"
urea-numeric result,float64,continuous,4,0.6,267,False,"min=25.0, max=472.0, median=211.0"
creatinine-numeric result,float64,continuous,1,0.2,428,True,"min=0.959999999999999, max=13.83, median=5.07"
ca-numeric result,float64,continuous,1,0.2,58,False,"min=4.79999999999999, max=12.8, median=8.3"
p-numeric result,float64,continuous,1,0.2,129,False,"min=1.89999999999999, max=13.0, median=5.79999999999999"
ua-numeric result,float64,continuous,1,0.2,149,False,"min=1.7, max=22.1999999999999, median=9.350000000000001"
crp-numeric result,float64,continuous,25,3.9,595,True,"min=0.27, max=688.32, median=38.06"
hba1c-numeric result,float64,continuous,65,10.1,71,False,"min=4.0, max=18.6999999999999, median=6.09999999999999"
months_dialysis_to_echo,float64,continuous,0,0.0,297,False,"min=-12.2, max=2.23333333333333, median=-2.33333333333333"
MI_binary,int64,binary,0,0.0,2,True,"min=0, max=1, median=0.0"
CABG_binary,int64,binary,0,0.0,2,True,"min=0, max=1, median=0.0"
IHD_binary,int64,binary,0,0.0,2,True,"min=0, max=1, median=1.0"
AFIB_binary,int64,binary,0,0.0,2,True,"min=0, max=1, median=0.0"
HTN_binary,int64,binary,0,0.0,2,True,"min=0, max=1, median=1.0"
Diabetes mellitus_binary,int64,binary,0,0.0,2,True,"min=0, max=1, median=1.0"
DYSLIPIDEMIA_binary,int64,binary,0,0.0,2,False,"min=0, max=1, median=0.0"
COPD_binary,int64,binary,0,0.0,2,True,"min=0, max=1, median=0.0"
years_since_MI,float64,continuous,517,80.2,117,False,"min=0.0, max=43.2689938398357, median=4.375085557837091"
